OBJECTID,Location,Bacterial_Sample_Type,Latitude,Longitude,Free_Chlorine,Total_Chlorine,Temperature,pH,Total_Coliform,Iron
1,Site B-1 ,Routine,-33.79462941,18.59347576,0.46,0.56,16.3,7.35,0,0.930555023
2,Site B-1 ,Routine,-33.79462941,18.59347576,0.57,0.66,10.1,7.04,0,0.850622597
3,Site B-1 ,Routine,-33.79462941,18.59347576,0.54,0.63,15,7.33,0,0.053627082
4,Site B-1 ,Routine,-33.79462941,18.59347576,0.5,0.59,12.4,7.47,0,0.986866359
5,Site B-1 ,Routine,-33.79462941,18.59347576,0.55,0.61,16.5,7.35,0,0.640967477
6,Site B-1 ,Routine,-33.79462941,18.59347576,0.59,0.67,17.2,7.48,0,0.239542932
7,Site B-1 ,Routine,-33.79462941,18.59347576,0.41,0.49,16.3,7.5,0,0.505779931
8,Site B-1 ,Routine,-33.79462941,18.59347576,0.65,0.75,15.7,7.55,0,0.418981087
9,Site B-1 ,Routine,-33.79462941,18.59347576,0.47,0.51,13.8,7.24,0,0.814905581
10,Site B-1 ,Routine,-33.79462941,18.59347576,0.43,0.49,18.6,7.48,0,0.854698258
11,Site B-1 ,Routine,-33.79462941,18.59347576,0.46,0.55,16.9,7.3,0,0.800693654
12,Site B-1 ,Routine,-33.79462941,18.59347576,0.41,0.52,16.5,7.19,0,0.79650975
13,Site B-1 ,Routine,-33.79462941,18.59347576,0.51,0.6,17.8,7.51,0,0.633352505
14,Site B-1 ,Routine,-33.79462941,18.59347576,0.48,0.58,16,7.46,0,0.778956054
15,Site B-1 ,Routine,-33.79462941,18.59347576,0.71,0.78,13.3,7.65,0,0.594981923
16,Site B-1 ,Routine,-33.79462941,18.59347576,0.66,0.75,12.4,7.5,0,0.830459698
17,Site B-1 ,Routine,-33.79462941,18.59347576,0.51,0.61,14.3,7.36,0,0.936262298
18,Site B-1 ,Routine,-33.79462941,18.59347576,0.39,0.46,16.8,7.47,0,0.634539055
19,Site B-1 ,Routine,-33.79462941,18.59347576,0.36,0.38,28.4,7.02,0,0.766566373
20,Site B-1 ,Routine,-33.79462941,18.59347576,0.45,0.49,27.7,7.3,0,0.030143511
21,Site B-1 ,Routine,-33.79462941,18.59347576,0.4,0.43,27.5,7.49,0,0.899950164
22,Site B-1 ,Routine,-33.79462941,18.59347576,0.52,0.64,20.2,7.43,0,0.256519918
23,Site B-1 ,Routine,-33.79462941,18.59347576,0.31,0.41,20.5,7.14,0,0.342754819
24,Site B-1 ,Routine,-33.79462941,18.59347576,0.31,0.34,24.8,7.38,0,0.347041523
25,Site B-10,Routine,-33.77624685,18.65690576,0.001,0.001,12.5,7.18,0,0.598176265
26,Site B-11,Routine,-33.75965835,18.69413576,0.52,0.62,12,7.42,0,0.382176589
27,Site B-11,Routine,-33.75965835,18.69413576,0.64,0.72,14.9,7.64,0,0.214754787
28,Site B-11,Routine,-33.75965835,18.69413576,0.61,0.73,13.4,7.58,0,0.571715864
29,Site B-11,Duplicate,-33.75965835,18.69413576,0.62,0.69,11.7,7.69,0,0.070930322
30,Site B-11,Routine,-33.75965835,18.69413576,0.55,0.65,14.5,7.41,0,0.332168076
31,Site B-11,Duplicate,-33.75965835,18.69413576,0.54,0.65,14.3,7.34,0,0.097993254
32,Site B-11,Routine,-33.75965835,18.69413576,0.53,0.61,14.9,7.45,0,0.856450802
33,Site B-11,Duplicate,-33.75965835,18.69413576,0.52,0.61,15.1,7.44,0,0.410582012
34,Site B-11,Routine,-33.75965835,18.69413576,0.53,0.6,17.8,7.44,0,0.509792695
35,Site B-11,Duplicate,-33.75965835,18.69413576,0.51,0.6,18,7.51,0,0.56217303
36,Site B-11,Routine,-33.75965835,18.69413576,0.54,0.62,15.9,7.46,0,0.707116349
37,Site B-11,Duplicate,-33.75965835,18.69413576,0.52,0.61,16,7.47,0,0.995455915
38,Site B-11,Routine,-33.75965835,18.69413576,0.55,0.62,17.1,7.35,0,0.46041572
39,Site B-11,Duplicate,-33.75965835,18.69413576,0.54,0.61,16.3,7.36,0,0.682857975
40,Site B-11,Routine,-33.75965835,18.69413576,0.35,0.41,27.6,7.08,0,0.219867339
41,Site B-11,Routine,-33.75965835,18.69413576,0.35,0.41,24.2,7.12,0,0.472782594
42,Site B-11,Routine,-33.75965835,18.69413576,0.72,0.81,18.7,7.18,0,0.362896594
43,Site B-11,Routine,-33.75965835,18.69413576,0.62,0.63,17,7.34,0,0.034326079
44,Site B-11,Routine,-33.75965835,18.69413576,0.48,0.5,20.2,7.18,0,0.482370133
45,Site B-11,Routine,-33.75965835,18.69413576,0.5,0.6,16.7,7.41,0,0.130206896
46,Site B-11,Routine,-33.75965835,18.69413576,0.56,0.58,17.9,7.22,0,0.618539142
47,Site B-11,Routine,-33.75965835,18.69413576,0.48,0.51,22.4,7.1,0,0.630477671
48,Site B-12,Routine,-33.74396455,18.66413576,0.27,0.32,19.8,7.31,0,0.038276322
49,Site B-12,Routine,-33.74396455,18.66413576,0.31,0.38,24.4,7.44,0,0.298355363
50,Site B-12,Routine,-33.74396455,18.66413576,0.23,0.3,17.6,7.22,0,0.241719445
51,Site B-12,Duplicate,-33.74396455,18.66413576,0.22,0.28,17.8,7.29,0,0.228476089
52,Site B-12,Routine,-33.74396455,18.66413576,0.26,0.32,19.5,7.43,0,0.009854238
53,Site B-12,Routine,-33.74396455,18.66413576,0.22,0.29,20.7,7.41,0,0.004974102
54,Site B-12,Routine,-33.74396455,18.66413576,0.51,0.56,17,7.51,0,0.266323874
55,Site B-12,Duplicate,-33.74396455,18.66413576,0.49,0.55,16.5,7.55,0,0.989390707
56,Site B-12,Routine,-33.74396455,18.66413576,0.39,0.44,17.4,7.57,0,0.035501272
57,Site B-12,Routine,-33.74396455,18.66413576,0.38,0.44,19.3,7.36,0,0.321768276
58,Site B-12,Routine,-33.74396455,18.66413576,0.35,0.44,17.3,7.56,0,0.362689095
59,Site B-12,Routine,-33.74396455,18.66413576,0.47,0.58,24.5,7.47,0,0.476902563
60,Site B-12,Routine,-33.74396455,18.66413576,0.46,0.58,18,7.6,0,0.338866684
61,Site B-12,Duplicate,-33.74396455,18.66413576,0.47,0.54,18,7.6,0,0.197192609
62,Site B-12,Routine,-33.74396455,18.66413576,0.3,0.42,13.5,7.54,0,0.588894715
63,Site B-12,Duplicate,-33.74396455,18.66413576,0.3,0.41,13.4,7.55,0,0.700176856
64,Site B-12,Routine,-33.74396455,18.66413576,0.36,0.48,23.1,7.51,0,0.248527858
65,Site B-12,Duplicate,-33.74396455,18.66413576,0.39,0.46,23.6,7.53,0,0.734189989
66,Site B-12,Routine,-33.74396455,18.66413576,0.37,0.44,24.1,7.45,0,0.813566989
67,Site B-12,Duplicate,-33.74396455,18.66413576,0.36,0.44,24.1,7.51,0,0.233639273
68,Site B-12,Routine,-33.74396455,18.66413576,0.42,0.52,16.2,7.52,0,0.039452737
69,Site B-12,Duplicate,-33.74396455,18.66413576,0.4,0.49,15.5,7.57,0,0.370802118
70,Site B-12,Routine,-33.74396455,18.66413576,0.34,0.5,22.5,7.47,0,0.959616802
71,Site B-12,Duplicate,-33.74396455,18.66413576,0.35,0.52,22.5,7.5,0,0.764553779
72,Site B-12,Routine,-33.74396455,18.66413576,0.24,0.38,13.8,7.21,0,0.345086539
73,Site B-12,Duplicate,-33.74396455,18.66413576,0.25,0.36,13.7,7.23,0,0.442490579
74,Site B-12,Routine,-33.74396455,18.66413576,0.41,0.48,24.3,7.34,0,0.610285661
75,Site B-12,Routine,-33.74396455,18.66413576,0.41,0.46,24.3,7.36,0,0.69422404
76,Site B-12,Routine,-33.74396455,18.66413576,0.36,0.47,18.5,7.52,0,0.264696737
77,Site B-12,Duplicate,-33.74396455,18.66413576,0.36,0.45,18.5,7.53,0,0.253611527
78,Site B-12,Routine,-33.74396455,18.66413576,0.29,0.37,18.8,7.51,0,0.121275008
79,Site B-12,Routine,-33.74396455,18.66413576,0.26,0.29,25,7.3,0,0.624165428
80,Site B-12,Routine,-33.74396455,18.66413576,0.2,0.28,25.5,7.14,0,0.318393571
81,Site B-12,Routine,-33.74396455,18.66413576,0.2,0.29,18.2,7.34,0,0.427477918
82,Site B-12,Routine,-33.74396455,18.66413576,0.24,0.28,22.4,7.15,0,0.073058065
83,Site B-12,Routine,-33.74396455,18.66413576,0.23,0.29,18.6,7.17,0,0.929779372
84,Site B-12,Routine,-33.74396455,18.66413576,0.47,0.58,16.8,7.29,0,0.923655071
85,Site B-12,Routine,-33.74396455,18.66413576,0.39,0.45,28,7.44,0,0.280619455
86,Site B-12,Routine,-33.74396455,18.66413576,0.21,0.23,28.3,7.48,0,0.392265039
87,Site B-13,Routine,-33.82606839,18.71927576,0.87,0.94,10.6,7.47,0,0.817042357
88,Site B-13,Routine,-33.82606839,18.71927576,0.86,0.94,9.1,7.49,0,0.54745373
89,Site B-13,Routine,-33.82606839,18.71927576,0.81,0.88,12.2,7.19,0,0.823353838
90,Site B-13,Duplicate,-33.82606839,18.71927576,0.77,0.85,11.9,7.12,0,0.81520334
91,Site B-13,Routine,-33.82606839,18.71927576,0.57,0.6,25.5,7.08,0,0.163338313
92,Site B-13,Routine,-33.82606839,18.71927576,0.44,0.53,25.6,7.69,0,0.541809381
93,Site B-13,Duplicate,-33.82606839,18.71927576,0.42,0.55,25.7,7.7,0,0.89925403
94,Site B-13,Routine,-33.82606839,18.71927576,0.57,0.63,26.4,7.65,0,0.258746232
95,Site B-13,Routine,-33.82606839,18.71927576,0.72,0.78,25.4,7.6,0,0.023247831
96,Site B-13,Routine,-33.82606839,18.71927576,0.62,0.68,25.9,7.75,0,0.843747256
97,Site B-13,Routine,-33.82606839,18.71927576,0.82,0.85,25,7.47,0,0.618986684
98,Site B-13,Duplicate,-33.82606839,18.71927576,0.79,0.83,25.1,7.48,0,0.271477515
99,Site B-13,Routine,-33.82606839,18.71927576,0.76,0.81,26.1,7.57,0,0.636487325
100,Site B-13,Routine,-33.82606839,18.71927576,0.46,0.51,19.7,7.27,0,0.338805666
101,Site B-13,Duplicate,-33.82606839,18.71927576,0.44,0.47,19.5,7.3,0,0.378864745
102,Site B-13,Routine,-33.82606839,18.71927576,0.83,0.88,22.8,7.68,0,0.017478818
103,Site B-13,Routine,-33.82606839,18.71927576,0.71,0.83,22.9,7.33,0,0.48304968
104,Site B-13,Routine,-33.82606839,18.71927576,0.91,0.93,22.8,7.77,0,0.106450112
105,Site B-13,Routine,-33.82606839,18.71927576,0.48,0.53,15.9,7.37,0,0.033679794
106,Site B-13,Routine,-33.82606839,18.71927576,0.45,0.47,17.3,7.74,0,0.300176841
107,Site B-13,Routine,-33.82606839,18.71927576,0.51,0.54,15.9,7.44,0,0.750903542
108,Site B-13,Routine,-33.82606839,18.71927576,0.83,0.87,19.8,7.54,0,0.2499005
109,Site B-13,Duplicate,-33.82606839,18.71927576,0.81,0.83,19.8,7.57,0,0.512501387
110,Site B-13,Routine,-33.82606839,18.71927576,0.44,0.49,15.6,7.7,0,0.697483155
111,Site B-13,Routine,-33.82606839,18.71927576,1.07,1.16,21.2,7.52,0,0.931015145
112,Site B-13,Duplicate,-33.82606839,18.71927576,1.07,1.13,21.2,7.64,0,0.191038323
113,Site B-13,Routine,-33.82606839,18.71927576,0.97,1.06,21.8,7.78,0,0.850520322
114,Site B-13,Routine,-33.82606839,18.71927576,0.83,0.91,22.2,7.9,0,0.241742925
115,Site B-13,Routine,-33.82606839,18.71927576,0.99,1.08,22,7.37,0,0.95303367
116,Site B-13,Duplicate,-33.82606839,18.71927576,0.97,1.07,22.1,7.42,0,0.169279581
117,Site B-13,Routine,-33.82606839,18.71927576,0.93,1.03,23.3,7.64,0,0.377952413
118,Site B-13,Routine,-33.82606839,18.71927576,0.7,0.83,27,7.59,0,0.578478604
119,Site B-13,Routine,-33.82606839,18.71927576,0.68,0.73,25.2,7.37,0,0.574912457
120,Site B-15,Routine,-33.80684357,18.67111576,0.82,0.91,13.4,7.15,0,0.810710117
121,Site B-15,Routine,-33.80684357,18.67111576,0.81,0.86,12.7,7.31,0,0.628829188
122,Site B-15,Routine,-33.80684357,18.67111576,0.41,0.49,18.5,7.52,0,0.623059686
123,Site B-15,Routine,-33.80684357,18.67111576,0.81,0.88,13.2,7.3,0,0.139726043
124,Site B-15,Routine,-33.80684357,18.67111576,0.86,0.93,18.7,7.36,0,0.152692238
125,Site B-15,Routine,-33.80684357,18.67111576,0.88,0.98,16.3,7.41,0,0.096142464
126,Site B-15,Routine,-33.80684357,18.67111576,0.9,1.04,15.2,7.27,0,0.499660181
127,Site B-15,Routine,-33.80684357,18.67111576,0.84,0.93,15.7,7.42,0,0.656725111
128,Site B-15,Routine,-33.80684357,18.67111576,0.88,0.96,16.8,7.34,0,0.239337719
129,Site B-15,Duplicate,-33.80684357,18.67111576,0.88,0.95,8.2,7.39,0,0.206636201
130,Site B-15,Routine,-33.80684357,18.67111576,0.87,0.96,10.5,7.51,0,0.387067892
131,Site B-15,Routine,-33.80684357,18.67111576,0.92,0.99,12.6,7.55,0,0.029084062
132,Site B-15,Routine,-33.80684357,18.67111576,0.86,0.92,12.1,7.55,0,0.642652166
133,Site B-15,Duplicate,-33.80684357,18.67111576,0.97,1.07,11.1,7.42,0,0.506346591
134,Site B-15,Routine,-33.80684357,18.67111576,1.01,1.1,11.6,7.35,0,0.615596417
135,Site B-15,Routine,-33.80684357,18.67111576,1.02,1.08,13.3,7.53,0,0.779327824
136,Site B-15,Routine,-33.80684357,18.67111576,1.39,1.48,15.1,7.49,0,0.513027212
137,Site B-15,Routine,-33.80684357,18.67111576,0.83,0.92,19.2,7.45,0,0.532770114
138,Site B-15,Routine,-33.80684357,18.67111576,0.85,1.01,14.2,7.45,0,0.586539956
139,Site B-15,Routine,-33.80684357,18.67111576,0.74,0.87,6.8,7.56,0,0.329673724
140,Site B-15,Routine,-33.80684357,18.67111576,0.97,1.03,7.7,7.48,0,0.454779868
141,Site B-15,Routine,-33.80684357,18.67111576,0.85,0.97,8,7.19,0,
142,Site B-15,Duplicate,-33.80684357,18.67111576,0.84,0.93,7,7.16,0,
143,Site B-15,Routine,-33.80684357,18.67111576,0.97,1.09,16.5,7.62,0,
144,Site B-15,Routine,-33.80684357,18.67111576,0.79,0.82,14.4,7.35,0,
145,Site B-15,Routine,-33.80684357,18.67111576,0.71,0.73,26.4,7.05,0,
146,Site B-15,Duplicate,-33.80684357,18.67111576,0.68,0.73,26.6,7.18,0,
147,Site B-15,Routine,-33.80684357,18.67111576,0.76,0.83,27.2,7.09,0,
148,Site B-15,Routine,-33.80684357,18.67111576,0.77,0.84,25.2,7.33,0,
149,Site B-15,Routine,-33.80684357,18.67111576,0.73,0.82,24.3,7.34,0,
150,Site B-15,Routine,-33.80684357,18.67111576,0.85,0.9,24.1,7.35,0,
151,Site B-15,Routine,-33.80684357,18.67111576,0.8,0.87,24.3,7.13,0,
152,Site B-15,Routine,-33.80684357,18.67111576,0.72,0.8,21.8,7.22,0,
153,Site B-15,Routine,-33.80684357,18.67111576,0.26,0.31,16.1,7.26,0,
154,Site B-15,Routine,-33.80684357,18.67111576,0.82,0.89,17.4,7.28,0,
155,Site B-15,Routine,-33.80684357,18.67111576,0.84,0.98,17.7,7.34,0,
156,Site B-15,Routine,-33.80684357,18.67111576,0.77,0.86,21.1,7.04,0,
157,Site B-15,Routine,-33.80684357,18.67111576,0.79,0.88,15.8,6.95,0,
158,Site B-15,Duplicate,-33.80684357,18.67111576,0.78,0.83,15.8,6.93,0,
159,Site B-15,Routine,-33.80684357,18.67111576,0.83,0.95,15.9,7.03,0,
160,Site B-15,Routine,-33.80684357,18.67111576,0.69,0.86,24.2,7.41,0,
161,Site B-15,Routine,-33.80684357,18.67111576,0.78,0.87,24.1,7.3,0,
162,Site B-15,Duplicate,-33.80684357,18.67111576,0.74,0.82,23.7,7.06,0,
163,Site B-15,Routine,-33.80684357,18.67111576,0.75,0.82,23.8,6.97,0,
164,Site B-15,Routine,-33.80684357,18.67111576,0.82,0.89,25.7,7.09,0,
165,Site B-15,Routine,-33.80684357,18.67111576,0.71,0.79,24.2,7.3,0,
166,Site B-15,Routine,-33.80684357,18.67111576,0.7,0.72,22.5,6.89,0,
167,Site B-15,Routine,-33.80684357,18.67111576,0.71,0.75,27.7,7.27,0,
168,Site B-15,Routine,-33.80684357,18.67111576,0.68,0.71,22.4,7.77,0,
169,Site B-15,Routine,-33.80684357,18.67111576,0.72,0.79,28.2,7.39,0,
170,Site B-15,Routine,-33.80684357,18.67111576,0.76,0.82,27.5,7.27,0,
171,Site B-15,Routine,-33.80684357,18.67111576,0.62,0.68,28.1,7.25,0,
172,Site B-15,Routine,-33.80684357,18.67111576,0.88,0.9,28.3,7.25,0,
173,Site B-15,Routine,-33.80684357,18.67111576,0.85,0.97,27.3,7.37,0,
174,Site B-15,Routine,-33.80684357,18.67111576,0.57,0.62,28,7.15,0,
175,Site B-15,Routine,-33.80684357,18.67111576,0.69,0.75,27.6,6.85,0,
176,Site B-2 ,Routine,-33.79511762,18.59298576,0.41,0.5,20.4,7.36,0,
177,Site B-2 ,Routine,-33.79511762,18.59298576,0.46,0.56,15.7,7.43,0,
178,Site B-2 ,Routine,-33.79511762,18.59298576,0.58,0.66,15.1,7.61,0,
179,Site B-2 ,Routine,-33.79511762,18.59298576,0.34,0.41,19.5,7.47,0,
180,Site B-2 ,Routine,-33.79511762,18.59298576,0.2,0.24,21,7.21,0,
181,Site B-2 ,Routine,-33.79511762,18.59298576,0.43,0.49,18.9,7.3,0,
182,Site B-2 ,Routine,-33.79511762,18.59298576,0.28,0.33,21.8,7.47,0,
183,Site B-2 ,Routine,-33.79511762,18.59298576,0.39,0.46,14.8,7.29,0,
184,Site B-2 ,Routine,-33.79511762,18.59298576,0.42,0.49,16.7,7.58,0,
185,Site B-2 ,Routine,-33.79511762,18.59298576,0.39,0.47,13.4,7.54,0,
186,Site B-2 ,Routine,-33.79511762,18.59298576,0.39,0.51,15.7,7.56,0,
187,Site B-2 ,Routine,-33.79511762,18.59298576,0.51,0.59,14.9,7.46,0,
188,Site B-2 ,Routine,-33.79511762,18.59298576,0.44,0.5,13.6,7.48,0,
189,Site B-2 ,Routine,-33.79511762,18.59298576,0.44,0.51,13.2,7.37,0,
190,Site B-2 ,Routine,-33.79511762,18.59298576,0.42,0.55,12.9,6.99,0,
191,Site B-2 ,Routine,-33.79511762,18.59298576,0.33,0.44,13.7,7.58,0,
192,Site B-2 ,Routine,-33.79511762,18.59298576,0.31,0.39,13.9,7.64,0,
193,Site B-2 ,Routine,-33.79511762,18.59298576,0.38,0.47,14.7,7.43,0,
194,Site B-2 ,Routine,-33.79511762,18.59298576,0.42,0.46,21.8,7.4,0,
195,Site B-2 ,Routine,-33.79511762,18.59298576,0.61,0.65,19.1,7.25,0,
196,Site B-2 ,Routine,-33.79511762,18.59298576,0.31,0.39,17.8,7.4,0,
197,Site B-2 ,Routine,-33.79511762,18.59298576,0.29,0.33,30.1,7.25,0,
198,Site B-3 ,Routine,-33.78719711,18.60536576,0.69,0.81,12.9,7.45,0,
199,Site B-3 ,Routine,-33.78719711,18.60536576,0.58,0.64,10.6,7.51,0,
200,Site B-3 ,Duplicate,-33.78719711,18.60536576,0.46,0.54,12.7,7.36,0,
201,Site B-3 ,Routine,-33.78719711,18.60536576,0.46,0.55,13.9,7.3,0,
202,Site B-3 ,Routine,-33.78719711,18.60536576,0.67,0.73,10.2,6.95,0,
203,Site B-3 ,Routine,-33.78719711,18.60536576,0.61,0.66,11.4,7.11,0,
204,Site B-3 ,Routine,-33.78719711,18.60536576,0.66,0.71,16.2,7.42,0,
205,Site B-3 ,Routine,-33.78719711,18.60536576,0.58,0.63,11.5,7.49,0,
206,Site B-3 ,Routine,-33.78719711,18.60536576,0.71,0.82,16.1,7.58,0,
207,Site B-3 ,Routine,-33.78719711,18.60536576,0.6,0.66,12.2,7.55,0,
208,Site B-3 ,Routine,-33.78719711,18.60536576,0.69,0.77,16.1,7.64,0,
209,Site B-3 ,Routine,-33.78719711,18.60536576,0.67,0.81,12.4,7.32,0,
210,Site B-3 ,Routine,-33.78719711,18.60536576,0.4,0.47,17.5,7.57,0,
211,Site B-3 ,Routine,-33.78719711,18.60536576,0.21,0.27,20.7,7.34,0,
212,Site B-3 ,Routine,-33.78719711,18.60536576,0.22,0.27,19.6,7.2,0,
213,Site B-3 ,Routine,-33.78719711,18.60536576,0.53,0.59,17.6,7.5,0,
214,Site B-3 ,Routine,-33.78719711,18.60536576,0.51,0.62,13.4,7.49,0,
215,Site B-3 ,Routine,-33.78719711,18.60536576,0.87,1.05,15.2,7.49,0,
216,Site B-3 ,Duplicate,-33.78719711,18.60536576,0.86,1.01,13.8,7.49,0,
217,Site B-3 ,Routine,-33.78719711,18.60536576,0.47,0.56,12.7,7.49,0,
218,Site B-3 ,Routine,-33.78719711,18.60536576,0.3,0.35,19.5,7.39,0,
219,Site B-3 ,Routine,-33.78719711,18.60536576,0.32,0.39,28.9,7.22,0,
220,Site B-3 ,Routine,-33.78719711,18.60536576,0.45,0.52,28.4,7.36,0,
221,Site B-3 ,Routine,-33.78719711,18.60536576,0.7,0.77,26.4,6.94,0,
222,Site B-3 ,Routine,-33.78719711,18.60536576,0.42,0.48,18.5,7.14,0,
223,Site B-3 ,Routine,-33.78719711,18.60536576,0.15,0.21,19.1,7.38,0,
224,Site B-3 ,Routine,-33.78719711,18.60536576,0.55,0.6,21.8,7.05,0,
225,Site B-3 ,Routine,-33.78719711,18.60536576,0.54,0.62,24.1,7.24,0,
226,Site B-4 ,Routine,-33.80007527,18.62220576,0.71,0.8,14.1,7.53,0,
227,Site B-4 ,Routine,-33.80007527,18.62220576,0.63,0.69,12.5,7.61,0,
228,Site B-4 ,Routine,-33.80007527,18.62220576,0.6,0.67,12.9,7.5,0,
229,Site B-4 ,Routine,-33.80007527,18.62220576,0.72,0.83,12.6,7.32,0,
230,Site B-4 ,Duplicate,-33.80007527,18.62220576,0.68,0.8,11.1,7.26,0,
231,Site B-4 ,Routine,-33.80007527,18.62220576,0.59,0.67,14.7,7.64,0,
232,Site B-4 ,Routine,-33.80007527,18.62220576,0.62,0.66,11.6,7.51,0,
233,Site B-4 ,Routine,-33.80007527,18.62220576,0.58,0.63,14.6,7.56,0,
234,Site B-4 ,Routine,-33.80007527,18.62220576,0.56,0.64,13.4,7.55,0,
235,Site B-4 ,Routine,-33.80007527,18.62220576,0.55,0.64,15.1,7.46,0,
236,Site B-4 ,Routine,-33.80007527,18.62220576,0.55,0.64,12.7,7.31,0,
237,Site B-4 ,Routine,-33.80007527,18.62220576,0.63,0.73,11.4,6.95,0,
238,Site B-4 ,Duplicate,-33.80007527,18.62220576,0.61,0.71,10.8,6.94,0,
239,Site B-4 ,Routine,-33.80007527,18.62220576,0.57,0.66,11.1,7.37,0,
240,Site B-4 ,Routine,-33.80007527,18.62220576,0.48,0.56,11.8,7.64,0,
241,Site B-4 ,Routine,-33.80007527,18.62220576,0.52,0.6,12.6,7.32,0,
242,Site B-4 ,Routine,-33.80007527,18.62220576,0.68,0.75,13.4,7.41,0,
243,Site B-5 ,Routine,-33.81577944,18.62068576,0.58,0.64,11.9,7.74,0,
244,Site B-5 ,Routine,-33.81577944,18.62068576,0.45,0.51,15.3,7.41,0,
245,Site B-5 ,Routine,-33.81577944,18.62068576,0.47,0.58,21.6,7.38,0,
246,Site B-5 ,Duplicate,-33.81577944,18.62068576,0.45,0.58,21.8,7.43,0,
247,Site B-5 ,Routine,-33.81577944,18.62068576,0.32,0.38,16.4,7.59,0,
248,Site B-5 ,Routine,-33.81577944,18.62068576,0.28,0.35,24.5,7.43,0,
249,Site B-5 ,Routine,-33.81577944,18.62068576,0.3,0.32,20.8,7.42,0,
250,Site B-5 ,Routine,-33.81577944,18.62068576,0.16,0.24,18.9,7.42,0,
251,Site B-5 ,Routine,-33.81577944,18.62068576,0.36,0.39,17.6,7.39,0,
252,Site B-5 ,Routine,-33.81577944,18.62068576,0.15,0.21,15.8,7.38,0,
253,Site B-5 ,Routine,-33.81577944,18.62068576,0.33,0.39,26.4,7,0,
254,Site B-6 ,Routine,-33.80204948,18.64342576,0.94,1.01,11,7.49,0,
255,Site B-6 ,Routine,-33.80204948,18.64342576,0.66,0.75,13.4,7.38,0,
256,Site B-6 ,Routine,-33.80204948,18.64342576,0.68,0.73,11.4,7.78,0,
257,Site B-7 ,Routine,-33.80201694,18.64341576,0.42,0.5,27.2,7.32,0,
258,Site B-7 ,Routine,-33.78839071,18.67485576,0.93,1.03,8.4,7.42,0,
259,Site B-7 ,Routine,-33.78839071,18.67485576,0.62,0.73,12,7.43,0,
260,Site CI-2,Routine,-33.85670257,18.53009576,0.7,0.76,27.4,7.3,0,
261,Site CI-3,Routine,-33.84404865,18.52682576,0.46,0.51,12.3,7.22,0,
262,Site CI-3,Duplicate,-33.84404865,18.52682576,0.44,0.47,12.6,7.18,0,
263,Site CI-3,Routine,-33.84404865,18.52682576,0.55,0.63,13.9,7.35,0,
264,Site CI-3,Routine,-33.84404865,18.52682576,0.71,0.76,14,7.54,0,
265,Site CI-3,Duplicate,-33.84404865,18.52682576,0.62,0.72,11.3,6.97,0,
266,Site CI-3,Routine,-33.84404865,18.52682576,0.63,0.74,12.3,7.03,0,
267,Site CI-3,Routine,-33.84404865,18.52682576,0.77,0.84,11.6,7.25,0,
268,Site CI-3,Duplicate,-33.84404865,18.52682576,0.75,0.85,11.4,7.24,0,
269,Site CI-3,Routine,-33.84404865,18.52682576,0.72,0.78,26.6,7.28,0,
270,Site CI-3,Routine,-33.84404865,18.52682576,0.63,0.73,25.6,7.1,0,
271,Site CI-3,Routine,-33.84404865,18.52682576,0.24,0.33,24,7.29,0,
272,Site CI-3,Duplicate,-33.84404865,18.52682576,0.25,0.32,23.8,7.14,0,
273,Site CI-3,Routine,-33.84404865,18.52682576,0.39,0.42,23.5,7.01,0,
274,Site CI-3,Duplicate,-33.84404865,18.52682576,0.36,0.4,23.5,6.97,0,
275,Site CI-3,Routine,-33.84404865,18.52682576,0.33,0.37,24.8,7.27,0,
276,Site CI-3,Routine,-33.84404865,18.52682576,0.25,0.28,18.1,7.35,0,
277,Site CI-3,Routine,-33.84404865,18.52682576,0.61,0.67,16.9,7.26,0,
278,Site CI-4,Routine,-33.8499861,18.52502576,0.84,0.92,9.9,7.31,0,
279,Site CI-4,Routine,-33.8499861,18.52502576,0.66,0.74,12.8,7.37,0,
280,Site CI-4,Routine,-33.8499861,18.52502576,0.64,0.72,9.4,7.11,0,
281,Site CI-4,Routine,-33.8499861,18.52502576,0.96,1.11,11.8,6.97,0,
282,Site CI-4,Duplicate,-33.8499861,18.52502576,0.95,1.11,11.7,7.02,0,
283,Site CI-4,Routine,-33.8499861,18.52502576,0.8,0.9,13.9,7.57,1,
284,Site CI-4,Routine,-33.8499861,18.52502576,0.95,1.02,14.9,7.55,0,
285,Site CI-4,Repeat,-33.8499861,18.52502576,0.97,1.08,16,7.56,0,
286,Site CI-4,Repeat,-33.8499861,18.52502576,0.92,0.98,13,7.54,0,
287,Site CI-4,Routine,-33.8499861,18.52502576,0.68,0.77,26.8,7.22,0,
288,Site CI-4,Duplicate,-33.8499861,18.52502576,0.68,0.76,26.8,7.14,0,
289,Site CI-4,Routine,-33.8499861,18.52502576,0.72,0.81,28.3,7.3,0,
290,Site CI-4,Duplicate,-33.8499861,18.52502576,0.72,0.8,28.6,7.28,0,
291,Site CI-4,Routine,-33.8499861,18.52502576,0.72,0.86,27.6,7.28,0,
292,Site CI-4,Duplicate,-33.8499861,18.52502576,0.72,0.85,27.9,7.24,0,
293,Site CI-5,Routine,-33.86730579,18.53952576,0.7,0.81,13.9,7.57,0,
294,Site CI-5,Routine,-33.86730579,18.53952576,0.94,1.05,13.7,7.17,0,
295,Site CI-5,Duplicate,-33.86730579,18.53952576,0.92,1.04,12.1,7.13,0,
296,Site CI-5,Routine,-33.86730579,18.53952576,0.75,0.77,12.9,7.1,0,
297,Site CI-5,Duplicate,-33.86730579,18.53952576,0.73,0.76,12.6,7.06,0,
298,Site CI-5,Routine,-33.86730579,18.53952576,0.72,0.77,12,7.26,0,
299,Site CI-5,Routine,-33.86730579,18.53952576,0.46,0.59,15,7.32,0,
300,Site CI-5,Routine,-33.86730579,18.53952576,0.73,0.86,15.6,7.42,0,
301,Site CI-5,Routine,-33.86730579,18.53952576,0.51,0.56,15.7,7.45,0,
302,Site CI-5,Routine,-33.86730579,18.53952576,0.75,0.83,16.4,7.33,0,
303,Site CI-5,Duplicate,-33.86730579,18.53952576,0.71,0.81,16.3,7.24,0,
304,Site CI-5,Routine,-33.86730579,18.53952576,0.87,0.97,12,6.98,0,
305,Site CI-5,Routine,-33.86730579,18.53952576,0.54,0.67,10.8,7.1,0,
306,Site CI-5,Routine,-33.86730579,18.53952576,0.75,0.8,11.5,7.32,0,
307,Site CI-5,Routine,-33.86730579,18.53952576,0.79,0.81,15.4,7.32,0,
308,Site CI-5,Duplicate,-33.86730579,18.53952576,0.74,0.79,15.6,7.34,0,
309,Site CI-5,Routine,-33.86730579,18.53952576,0.45,0.46,16.7,7.11,0,
310,Site CI-5,Routine,-33.86730579,18.53952576,0.62,0.73,16.8,7.23,0,
311,Site CI-5,Duplicate,-33.86730579,18.53952576,0.58,0.68,16.9,7.19,0,
312,Site CI-5,Routine,-33.86730579,18.53952576,0.34,0.42,23.7,7.33,0,
313,Site CI-5,Duplicate,-33.86730579,18.53952576,0.28,0.34,23,7.31,0,
314,Site CI-5,Routine,-33.86730579,18.53952576,0.55,0.63,23.8,6.82,0,
315,Site CI-5,Routine,-33.86730579,18.53952576,0.32,0.4,24.8,7.07,0,
316,Site CI-6,Routine,-33.86852947,18.53862576,0.34,0.41,10.9,7.25,0,
317,Site CI-6,Routine,-33.86852947,18.53862576,0.06,0.12,9.9,7.65,0,
318,Site CI-6,Routine,-33.86852947,18.53862576,0.13,0.18,10.5,7.33,0,
319,Site CO-1,Routine,-33.8791187,18.59008576,0.56,0.65,15.3,7.32,0,
320,Site CO-1,Duplicate,-33.8791187,18.59008576,0.56,0.62,15.4,7.37,0,
321,Site CO-1,Routine,-33.8791187,18.59008576,0.55,0.65,16.5,7.33,0,
322,Site CO-1,Duplicate,-33.8791187,18.59008576,0.54,0.64,16.1,7.42,0,
323,Site CO-1,Routine,-33.8791187,18.59008576,0.57,0.67,12,7.48,0,
324,Site CO-1,Duplicate,-33.8791187,18.59008576,0.57,0.66,11.1,7.47,0,
325,Site CO-1,Routine,-33.8791187,18.59008576,0.75,0.83,11.3,7.5,0,
326,Site CO-1,Duplicate,-33.8791187,18.59008576,0.73,0.82,10.4,7.49,0,
327,Site CO-1,Routine,-33.8791187,18.59008576,0.83,0.9,12.5,7.44,0,
328,Site CO-1,Routine,-33.8791187,18.59008576,0.28,0.35,13.4,7.56,0,
329,Site CO-1,Routine,-33.8791187,18.59008576,0.7,0.78,9.9,7.33,0,
330,Site CO-1,Duplicate,-33.8791187,18.59008576,0.71,0.78,9.9,7.32,0,
331,Site CO-1,Routine,-33.8791187,18.59008576,0.66,0.76,13.6,7.48,0,
332,Site CO-1,Routine,-33.8791187,18.59008576,0.88,0.92,15.3,7.39,0,
333,Site CO-1,Routine,-33.8791187,18.59008576,0.45,0.51,14.6,7.45,0,
334,Site CO-1,Duplicate,-33.8791187,18.59008576,0.44,0.51,14.3,7.44,0,
335,Site CO-1,Routine,-33.8791187,18.59008576,0.96,1.03,17.3,7.45,0,
336,Site CO-1,Duplicate,-33.8791187,18.59008576,0.7,0.78,12.1,7.4,0,
337,Site CO-1,Routine,-33.8791187,18.59008576,0.71,0.8,12.7,7.4,0,
338,Site CO-1,Routine,-33.8791187,18.59008576,0.69,0.76,11.1,7.32,0,
339,Site CO-1,Duplicate,-33.8791187,18.59008576,0.68,0.76,11,7.31,0,
340,Site CO-1,Routine,-33.8791187,18.59008576,0.9,0.98,13.4,7.55,0,
341,Site CO-1,Routine,-33.8791187,18.59008576,0.65,0.73,16.5,7.56,0,
342,Site CO-1,Duplicate,-33.8791187,18.59008576,0.65,0.7,16.5,7.52,0,
343,Site CO-1,Routine,-33.8791187,18.59008576,0.7,0.8,16.5,7.31,0,
344,Site CO-1,Duplicate,-33.8791187,18.59008576,0.7,0.78,16.2,7.28,0,
345,Site CO-1,Routine,-33.8791187,18.59008576,0.54,0.6,18.6,7.43,0,
346,Site CO-1,Duplicate,-33.8791187,18.59008576,0.52,0.59,18.6,7.41,0,
347,Site CO-1,Routine,-33.8791187,18.59008576,0.76,0.82,16.4,7.38,0,
348,Site CO-1,Duplicate,-33.8791187,18.59008576,0.75,0.8,16.4,7.38,0,
349,Site CO-1,Routine,-33.8791187,18.59008576,0.72,0.81,13.6,7.31,0,
350,Site CO-1,Routine,-33.8791187,18.59008576,0.98,1.1,18.9,7.32,0,
351,Site CO-1,Routine,-33.8791187,18.59008576,0.81,0.87,20,7.38,0,
352,Site CO-1,Duplicate,-33.8791187,18.59008576,0.8,0.87,20.1,7.4,0,
353,Site CO-1,Routine,-33.8791187,18.59008576,0.82,0.85,16,7.42,0,
354,Site CO-1,Duplicate,-33.8791187,18.59008576,0.8,0.85,15.8,7.45,0,
355,Site CO-1,Routine,-33.8791187,18.59008576,0.43,0.53,17.7,7.31,0,
356,Site CO-1,Duplicate,-33.8791187,18.59008576,0.42,0.5,17.5,7.33,0,
357,Site CO-1,Routine,-33.8791187,18.59008576,0.68,0.76,19.6,7.4,0,
358,Site CO-1,Routine,-33.8791187,18.59008576,0.6,0.67,15.4,7.32,0,
359,Site CO-1,Routine,-33.8791187,18.59008576,0.71,0.8,15,7.44,0,
360,Site CO-1,Duplicate,-33.8791187,18.59008576,0.69,0.77,15,7.44,0,
361,Site CO-1,Routine,-33.8791187,18.59008576,0.99,1.06,13.3,7.26,0,
362,Site CO-1,Routine,-33.8791187,18.59008576,0.44,0.5,26.3,7.6,0,
363,Site CO-1,Routine,-33.8791187,18.59008576,0.82,0.85,21.3,7.13,0,
364,Site CO-1,Duplicate,-33.8791187,18.59008576,0.8,0.83,20.8,7.11,0,
365,Site CO-1,Routine,-33.8791187,18.59008576,0.57,0.6,23.6,7.46,0,
366,Site CO-1,Duplicate,-33.8791187,18.59008576,0.55,0.6,23.7,7.52,0,
367,Site CO-1,Duplicate,-33.8791187,18.59008576,0.7,0.74,24,7.51,0,
368,Site CO-1,Routine,-33.8791187,18.59008576,0.71,0.74,24.1,7.4,0,
369,Site CO-1,Routine,-33.8791187,18.59008576,0.7,0.72,23.9,7.34,0,
370,Site CO-1,Duplicate,-33.8791187,18.59008576,0.68,0.72,24.1,7.43,0,
371,Site CO-1,Routine,-33.8791187,18.59008576,0.74,0.77,22,7.55,0,
372,Site CO-1,Duplicate,-33.8791187,18.59008576,0.73,0.77,22.4,7.58,0,
373,Site CO-1,Routine,-33.8791187,18.59008576,0.56,0.58,23.7,7.38,0,
374,Site CO-1,Duplicate,-33.8791187,18.59008576,0.55,0.58,24,7.39,0,
375,Site CO-1,Routine,-33.8791187,18.59008576,0.45,0.51,25.2,7.33,0,
376,Site CO-1,Routine,-33.8791187,18.59008576,0.51,0.57,24,7.16,0,
377,Site CO-1,Duplicate,-33.8791187,18.59008576,0.5,0.55,24,7.17,0,
378,Site CO-1,Routine,-33.8791187,18.59008576,0.76,0.83,23.8,7.28,0,
379,Site CO-1,Duplicate,-33.8791187,18.59008576,0.76,0.81,23.9,7.24,0,
380,Site CO-1,Routine,-33.8791187,18.59008576,0.73,0.77,23.5,7.37,0,
381,Site CO-1,Duplicate,-33.8791187,18.59008576,0.72,0.77,23.6,7.33,0,
382,Site CO-1,Routine,-33.8791187,18.59008576,0.64,0.7,24.8,7.19,0,
383,Site CO-1,Duplicate,-33.8791187,18.59008576,0.63,0.7,25,7.19,0,
384,Site CO-1,Routine,-33.8791187,18.59008576,0.73,0.85,21.6,7.21,0,
385,Site CO-1,Duplicate,-33.8791187,18.59008576,0.72,0.85,21.8,7.23,0,
386,Site CO-1,Routine,-33.8791187,18.59008576,1,1.11,22.8,7.18,0,
387,Site CO-1,Duplicate,-33.8791187,18.59008576,0.99,1.1,22.5,7.15,0,
388,Site CO-1,Routine,-33.8791187,18.59008576,0.83,0.91,21.4,7.26,0,
389,Site CO-1,Duplicate,-33.8791187,18.59008576,0.81,0.91,21.3,7.23,0,
390,Site CO-1,Routine,-33.8791187,18.59008576,0.98,1.05,20.8,7.3,0,
391,Site CO-1,Duplicate,-33.8791187,18.59008576,0.97,1.05,21.1,7.29,0,
392,Site CO-1,Routine,-33.8791187,18.59008576,0.86,0.95,21.2,7.06,0,
393,Site CO-1,Duplicate,-33.8791187,18.59008576,0.85,0.93,21.3,7.09,0,
394,Site CO-1,Routine,-33.8791187,18.59008576,0.99,1.07,17.4,7.4,0,
395,Site CO-1,Duplicate,-33.8791187,18.59008576,0.97,1.06,17.7,7.38,0,
396,Site CO-1,Routine,-33.8791187,18.59008576,1.04,1.13,17.3,7.1,0,
397,Site CO-1,Duplicate,-33.8791187,18.59008576,1.03,1.11,17.7,7.21,0,
398,Site CO-1,Routine,-33.8791187,18.59008576,0.7,0.8,20.6,7.22,0,
399,Site CO-1,Duplicate,-33.8791187,18.59008576,0.69,0.8,20.5,7.29,0,
400,Site CO-1,Routine,-33.8791187,18.59008576,0.74,0.79,17.9,7.2,0,
401,Site CO-1,Duplicate,-33.8791187,18.59008576,0.73,0.81,17.9,7.27,0,
402,Site CO-1,Routine,-33.8791187,18.59008576,0.52,0.6,16,7.32,0,
403,Site CO-1,Duplicate,-33.8791187,18.59008576,0.51,0.58,15.8,7.36,0,
404,Site CO-1,Routine,-33.8791187,18.59008576,0.82,0.91,17.6,7.27,0,
405,Site CO-1,Duplicate,-33.8791187,18.59008576,0.8,0.89,17.6,7.26,0,
406,Site CO-1,Routine,-33.8791187,18.59008576,0.68,0.74,19.9,7.17,0,
407,Site CO-1,Routine,-33.8791187,18.59008576,0.6,0.65,20.6,7.51,0,
408,Site CO-1,Duplicate,-33.8791187,18.59008576,0.59,0.64,20.6,7.43,0,
409,Site CO-1,Routine,-33.8791187,18.59008576,0.87,0.97,20.9,7.29,0,
410,Site CO-1,Duplicate,-33.8791187,18.59008576,0.87,0.95,20.7,7.32,0,
411,Site CO-1,Routine,-33.8791187,18.59008576,0.94,1.02,21.6,7.27,0,
412,Site CO-1,Duplicate,-33.8791187,18.59008576,0.9,1.01,21.7,7.29,0,
413,Site CO-1,Routine,-33.8791187,18.59008576,0.65,0.78,22.9,7.22,0,
414,Site CO-1,Duplicate,-33.8791187,18.59008576,0.64,0.78,23,7.26,0,
415,Site CO-1,Routine,-33.8791187,18.59008576,0.81,0.91,21.5,7.32,0,
416,Site CO-1,Duplicate,-33.8791187,18.59008576,0.8,0.91,21.5,7.35,0,
417,Site CO-1,Routine,-33.8791187,18.59008576,0.39,0.41,25.6,7.53,0,
418,Site CO-1,Routine,-33.8791187,18.59008576,0.91,0.94,20.4,7.42,0,
419,Site CO-1,Duplicate,-33.8791187,18.59008576,0.89,0.94,19.9,7.46,0,
420,Site CO-1,Routine,-33.8791187,18.59008576,0.65,0.7,23,7.44,0,
421,Site CO-1,Duplicate,-33.8791187,18.59008576,0.63,0.7,23.1,7.48,0,
422,Site CO-1,Routine,-33.8791187,18.59008576,0.4,0.45,26.2,7.67,0,
423,Site CO-1,Routine,-33.8791187,18.59008576,0.84,0.93,18.2,7.73,0,
424,Site CO-1,Duplicate,-33.8791187,18.59008576,0.83,0.92,19.4,7.68,0,
425,Site CO-1,Routine,-33.8791187,18.59008576,0.58,0.65,24.8,7.51,0,
426,Site CO-1,Routine,-33.91821372,18.61336576,0.96,1.01,16.3,7.47,0,
427,Site CO-1,Routine,-33.91821372,18.61336576,0.98,1.02,20.9,7.4,0,
428,Site CO-1,Routine,-33.91821372,18.61336576,0.93,1.08,14.1,7.36,0,
429,Site CO-1,Routine,-33.91821372,18.61336576,0.99,1.1,16.7,7.46,0,
430,Site CO-1,Routine,-33.9015438,18.64452576,0.56,0.67,20.2,7.32,0,
431,Site CO-1,Routine,-33.9015438,18.64452576,0.76,0.84,22.4,7.28,0,
432,Site CO-1,Routine,-33.9015438,18.64452576,1.1,1.17,15.1,7.35,0,
433,Site CO-1,Routine,-33.9015438,18.64452576,0.6,0.67,22.4,7.22,0,
434,Site CO-1,Routine,-33.9015438,18.64452576,1.01,1.09,18.9,7.26,0,
435,Site CO-1,Routine,-33.9015438,18.64452576,0.97,1.04,25.2,7.23,0,
436,Site CO-1,Routine,-33.9015438,18.64452576,0.82,0.91,24,7.2,0,
437,Site CO-1,Routine,-33.9015438,18.64452576,1.06,1.13,22.9,7.3,0,
438,Site CO-1,Routine,-33.90086215,18.65199576,1.02,1.09,18.4,7.34,0,
439,Site CO-1,Routine,-33.90086215,18.65199576,1.06,1.14,16.7,7.33,0,
440,Site CO-1,Routine,-33.90086215,18.65199576,1.1,1.15,17,7.31,0,
441,Site CO-1,Routine,-33.90086215,18.65199576,0.7,0.82,14.8,7.29,0,
442,Site CO-1,Routine,-33.90086215,18.65199576,1.02,1.06,15.2,7.33,0,
443,Site CO-1,Routine,-33.90086215,18.65199576,0.71,0.76,15.1,7.4,0,
444,Site CO-1,Routine,-33.90086215,18.65199576,0.94,1.02,16.7,7.19,0,
445,Site CO-1,Routine,-33.90086215,18.65199576,1.04,1.11,14.2,7.32,0,
446,Site CO-1,Routine,-33.90086215,18.65199576,0.66,0.73,15.1,7.43,0,
447,Site CO-1,Routine,-33.90086215,18.65199576,0.75,0.87,16.4,7.25,0,
448,Site CO-1,Routine,-33.90086215,18.65199576,0.82,0.93,13.5,7.37,0,
449,Site CO-1,Routine,-33.90086215,18.65199576,1.04,1.12,12.2,7.36,0,
450,Site CO-1,Routine,-33.90086215,18.65199576,0.91,1.01,14.1,7.35,0,
451,Site CO-1,Routine,-33.90086215,18.65199576,0.71,0.8,13.1,7.45,0,
452,Site CO-1,Routine,-33.90086215,18.65199576,0.64,0.72,16.1,7.38,0,
453,Site CO-1,Routine,-33.90086215,18.65199576,0.82,0.92,13.8,7.35,0,
454,Site CO-1,Routine,-33.90086215,18.65199576,0.96,1.07,15.2,7.44,0,
455,Site CO-1,Routine,-33.90086215,18.65199576,1,1.1,13.9,7.39,0,
456,Site CO-1,Routine,-33.90086215,18.65199576,0.54,0.64,16.9,7.32,0,
457,Site CO-1,Routine,-33.90086215,18.65199576,0.55,0.56,23.7,7.29,0,
458,Site CO-1,Routine,-33.90086215,18.65199576,0.4,0.43,19.6,7.26,0,
459,Site CO-1,Routine,-33.90086215,18.65199576,0.74,0.86,20.7,7.34,0,
460,Site CO-1,Routine,-33.90086215,18.65199576,0.65,0.74,24.5,7.22,0,
461,Site CO-1,Routine,-33.90086215,18.65199576,0.59,0.67,19.5,7.29,0,
462,Site CO-1,Routine,-33.90086215,18.65199576,0.21,0.32,21.5,7.26,0,
463,Site CO-1,Routine,-33.90086215,18.65199576,0.33,0.35,25.5,7.31,0,
464,Site CO-1,Routine,-33.90086215,18.65199576,0.54,0.6,23,7.24,0,
465,Site CO-1,Routine,-33.90086215,18.65199576,0.49,0.52,19.4,7.19,0,
466,Site CO-1,Routine,-33.90086215,18.65199576,0.63,0.69,19.4,7.31,0,
467,Site CO-1,Routine,-33.90086215,18.65199576,0.72,0.84,20,7.42,0,
468,Site CO-1,Routine,-33.90086215,18.65199576,0.93,1.03,16.7,7.3,0,
469,Site CO-1,Routine,-33.90086215,18.65199576,0.91,0.94,15.8,7.26,0,
470,Site CO-1,Routine,-33.90086215,18.65199576,0.41,0.44,24.2,7.33,0,
471,Site CO-1,Routine,-33.90086215,18.65199576,0.23,0.3,20.6,7.25,0,
472,Site CO-1,Routine,-33.90086215,18.65199576,0.37,0.42,26.3,7.35,0,
473,Site CO-1,Routine,-33.90086215,18.65199576,0.31,0.34,24.5,7.39,0,
474,Site CO-1,Routine,-33.90086215,18.65199576,0.55,0.59,25.7,7.29,0,
475,Site Co-1,Routine,-33.95028979,18.64115576,0.3,0.34,19.8,7.61,0,
476,Site Co-1,Routine,-33.95028979,18.64115576,0.96,1.06,14,7.45,0,
477,Site Co-1,Routine,-33.95028979,18.64115576,0.43,0.48,18.1,7.37,0,
478,Site Co-1,Routine,-33.95028979,18.64115576,0.62,0.67,15.7,7.36,0,
479,Site Co-1,Routine,-33.95028979,18.64115576,0.57,0.69,18.9,7.29,0,
480,Site Co-1,Routine,-33.95028979,18.64115576,0.36,0.44,27.9,7.65,0,
481,Site Co-1,Routine,-33.95028979,18.64115576,0.38,0.44,24.4,7.16,0,
482,Site Co-1,Routine,-33.95028979,18.64115576,0.29,0.33,26.8,7.57,0,
483,Site Co-1,Routine,-33.95028979,18.64115576,0.39,0.44,23.4,7.44,0,
484,Site Co-1,Routine,-33.95028979,18.64115576,0.65,0.72,24.2,7.15,0,
485,Site CO-1,Routine,-33.9467883,18.65126576,0.74,0.86,12.7,7.82,0,
486,Site CO-1,Routine,-33.9467883,18.65126576,0.72,0.81,13.4,7.85,0,
487,Site CO-1,Routine,-33.9467883,18.65126576,0.74,0.81,12.9,7.66,0,
488,Site CO-1,Routine,-33.9467883,18.65126576,0.75,0.82,10.5,7.49,0,
489,Site CO-1,Routine,-33.9467883,18.65126576,0.74,0.76,13.1,7.8,0,
490,Site CO-1,Routine,-33.9467883,18.65126576,0.71,0.74,11,7.59,0,
491,Site CO-1,Routine,-33.9467883,18.65126576,1.3,1.42,12.7,7.47,0,
492,Site CO-1,Routine,-33.9467883,18.65126576,0.99,1.1,21.5,7.65,0,
493,Site CO-1,Routine,-33.9467883,18.65126576,0.89,0.97,12,7.73,0,
494,Site CO-1,Routine,-33.9467883,18.65126576,0.81,0.92,11,7.34,0,
495,Site CO-2,Routine,-33.87835005,18.58751576,0.39,0.44,17.2,7.43,0,
496,Site CO-2,Routine,-33.87835005,18.58751576,0.36,0.41,21.5,7.48,0,
497,Site CO-2,Routine,-33.87835005,18.58751576,0.44,0.46,20.6,7.52,0,
498,Site CO-2,Routine,-33.87835005,18.58751576,0.63,0.7,15.3,7.7,0,
499,Site CO-2,Duplicate,-33.87835005,18.58751576,0.65,0.71,14.8,7.73,0,
500,Site CO-2,Routine,-33.87835005,18.58751576,0.67,0.75,14.1,7.39,0,
501,Site CO-2,Routine,-33.87835005,18.58751576,0.38,0.46,17.7,7.43,0,
502,Site CO-2,Routine,-33.87835005,18.58751576,0.71,0.75,15.2,7.53,0,
503,Site CO-2,Duplicate,-33.87835005,18.58751576,0.69,0.75,14.6,7.62,0,
504,Site CO-2,Routine,-33.87835005,18.58751576,0.63,0.69,14.4,7.59,0,
505,Site CO-2,Duplicate,-33.87835005,18.58751576,0.61,0.68,14.3,7.62,0,
506,Site CO-2,Routine,-33.87835005,18.58751576,0.39,0.44,14.8,7.65,0,
507,Site CO-2,Duplicate,-33.87835005,18.58751576,0.39,0.42,15.2,7.61,0,
508,Site CO-2,Routine,-33.87835005,18.58751576,0.63,0.68,14.4,7.58,0,
509,Site CO-2,Duplicate,-33.87835005,18.58751576,0.61,0.67,14.4,7.64,0,
510,Site CO-2,Routine,-33.87835005,18.58751576,0.52,0.57,14.5,7.6,0,
511,Site CO-2,Duplicate,-33.87835005,18.58751576,0.5,0.56,14.4,7.64,0,
512,Site CO-2,Routine,-33.87835005,18.58751576,0.51,0.6,13.6,7.46,0,
513,Site CO-2,Duplicate,-33.87835005,18.58751576,0.48,0.55,15.1,7.68,0,
514,Site CO-2,Routine,-33.87835005,18.58751576,0.48,0.53,15.4,7.58,0,
515,Site CO-2,Routine,-33.87835005,18.58751576,0.61,0.7,17.5,7.6,0,
516,Site CO-2,Duplicate,-33.87835005,18.58751576,0.6,0.7,17.1,7.68,0,
517,Site CO-2,Duplicate,-33.87835005,18.58751576,0.6,0.68,13.8,7.38,0,
518,Site CO-2,Routine,-33.87835005,18.58751576,0.62,0.69,14.6,7.56,0,
519,Site CO-2,Routine,-33.87835005,18.58751576,0.65,0.73,13.6,7.54,0,
520,Site CO-2,Routine,-33.87835005,18.58751576,0.73,0.82,13.7,7.52,0,
521,Site CO-2,Routine,-33.87835005,18.58751576,0.51,0.54,16.3,7.67,0,
522,Site CO-2,Duplicate,-33.87835005,18.58751576,0.5,0.53,15.3,7.71,0,
523,Site CO-2,Routine,-33.87835005,18.58751576,0.45,0.5,21,7.34,0,
524,Site CO-2,Routine,-33.87835005,18.58751576,0.44,0.46,22.5,7.44,0,
525,Site CO-2,Routine,-33.87835005,18.58751576,0.44,0.5,22.3,7.59,0,
526,Site CO-2,Routine,-33.87835005,18.58751576,0.45,0.47,20.9,7.36,0,
527,Site CO-2,Routine,-33.87835005,18.58751576,0.34,0.37,21,7.72,0,
528,Site CO-2,Routine,-33.87835005,18.58751576,0.48,0.51,21.2,7.74,0,
529,Site CO-2,Routine,-33.87835005,18.58751576,0.43,0.46,23.2,7.66,0,
530,Site CO-2,Routine,-33.87835005,18.58751576,0.41,0.45,22.2,7.4,0,
531,Site CO-2,Routine,-33.87835005,18.58751576,0.39,0.44,23.2,7.44,0,
532,Site CO-2,Routine,-33.97039571,18.65439576,0.33,0.4,26.9,7.68,0,
533,Site CO-2,Routine,-33.98981131,18.64027576,0.82,0.9,22.2,7.33,0,
534,Site CO-2,Routine,-33.98981131,18.64027576,0.53,0.62,12.1,7.65,0,
535,Site CO-2,Routine,-33.98981131,18.64027576,0.51,0.57,13.9,7.46,0,
536,Site CO-2,Routine,-33.98981131,18.64027576,0.87,0.95,17.9,7.57,0,
537,Site CO-2,Routine,-34.00013075,18.65377576,0.58,0.67,16.1,7.48,0,
538,Site CO-2,Duplicate,-34.00013075,18.65377576,0.6,0.67,16.1,7.44,0,
539,Site CO-2,Routine,-34.00013075,18.65377576,0.79,0.82,16.3,7.63,0,
540,Site CO-2,Routine,-34.00013075,18.65377576,0.42,0.46,19.4,7.84,0,
541,Site CO-2,Routine,-34.00013075,18.65377576,0.33,0.37,15.7,7.57,0,
542,Site CO-2,Duplicate,-34.00013075,18.65377576,0.31,0.34,15.9,7.62,0,
543,Site CO-2,Routine,-34.00013075,18.65377576,0.6,0.65,17.8,7.8,0,
544,Site CO-2,Routine,-34.00013075,18.65377576,0.52,0.55,17.8,7.82,0,
545,Site CO-2,Routine,-34.00013075,18.65377576,0.6,0.68,16.2,7.73,0,
546,Site CO-2,Routine,-34.00013075,18.65377576,0.46,0.51,16.1,7.81,0,
547,Site CO-2,Duplicate,-34.00013075,18.65377576,0.43,0.47,16.2,7.8,0,
548,Site CO-2,Routine,-34.00013075,18.65377576,0.52,0.61,17.7,7.82,0,
549,Site CO-2,Routine,-34.00013075,18.65377576,0.55,0.59,15.8,7.71,0,
550,Site CO-2,Routine,-34.00013075,18.65377576,0.67,0.73,16.7,7.85,0,
551,Site CO-2,Routine,-34.00013075,18.65377576,0.5,0.58,15.6,7.84,0,
552,Site CO-2,Routine,-34.00013075,18.65377576,0.68,0.75,16.6,7.9,0,
553,Site CO-2,Routine,-34.00013075,18.65377576,0.63,0.66,14.9,7.47,0,
554,Site CO-2,Routine,-34.00013075,18.65377576,0.7,0.74,15.7,7.76,0,
555,Site CO-2,Routine,-34.00013075,18.65377576,0.72,0.81,14.9,7.92,0,
556,Site CO-2,Routine,-34.00013075,18.65377576,0.71,0.77,16,7.89,0,
557,Site CO-2,Routine,-34.00013075,18.65377576,0.65,0.76,12.5,7.56,0,
558,Site CO-2,Routine,-34.00013075,18.65377576,0.79,0.85,13.4,7.5,0,
559,Site CO-2,Routine,-34.00013075,18.65377576,0.61,0.67,14.6,7.83,0,
560,Site CO-2,Routine,-34.00013075,18.65377576,0.74,0.8,14.3,7.97,0,
561,Site CO-2,Routine,-34.00013075,18.65377576,1.1,1.18,14.5,7.8,0,
562,Site CO-2,Routine,-34.00013075,18.65377576,0.68,0.72,14.6,7.94,0,
563,Site CO-2,Routine,-34.00013075,18.65377576,0.72,0.78,14.9,7.74,0,
564,Site CO-2,Routine,-34.00013075,18.65377576,0.75,0.84,14.7,7.83,0,
565,Site CO-2,Routine,-34.00013075,18.65377576,0.6,0.64,16.2,7.84,0,
566,Site CO-2,Routine,-34.00013075,18.65377576,0.52,0.56,25,7.23,0,
567,Site CO-2,Routine,-34.00013075,18.65377576,0.51,0.56,25.1,7.25,0,
568,Site CO-2,Routine,-34.00013075,18.65377576,0.44,0.47,27.1,7.66,0,
569,Site CO-2,Routine,-34.00013075,18.65377576,0.48,0.62,20.9,7.34,0,
570,Site CO-2,Duplicate,-34.00013075,18.65377576,0.46,0.51,21,7.35,0,
571,Site CO-2,Routine,-34.00013075,18.65377576,0.47,0.53,22.9,7.71,0,
572,Site CO-2,Routine,-34.00013075,18.65377576,0.37,0.39,22.3,7.59,0,
573,Site CO-2,Routine,-34.00013075,18.65377576,0.49,0.52,16.8,7.4,0,
574,Site CO-2,Duplicate,-34.00013075,18.65377576,0.44,0.48,16.9,7.43,0,
575,Site CO-2,Routine,-34.00013075,18.65377576,0.58,0.61,17.2,7.77,0,
576,Site CO-2,Routine,-34.00013075,18.65377576,0.61,0.72,18.8,7.78,0,
577,Site CO-2,Routine,-34.00013075,18.65377576,0.4,0.43,24.1,7.21,0,
578,Site CO-2,Routine,-34.00013075,18.65377576,0.54,0.6,23.5,7.62,0,
579,Site CO-2,Duplicate,-34.00013075,18.65377576,0.52,0.56,23.5,7.64,0,
580,Site CO-2,Routine,-34.00013075,18.65377576,0.54,0.59,22.3,7.52,0,
581,Site CO-2,Routine,-34.00013075,18.65377576,0.68,0.77,24.3,7.65,0,
582,Site CO-2,Routine,-34.00013075,18.65377576,0.33,0.4,25,7.18,0,
583,Site CO-2,Duplicate,-34.00013075,18.65377576,0.32,0.41,25,7.45,0,
584,Site CO-2,Routine,-33.95279683,18.62967576,0.54,0.68,16.4,7.57,0,
585,Site CO-2,Routine,-33.95279683,18.62967576,0.68,0.77,11.6,7.53,0,
586,Site CO-2,Routine,-33.95279683,18.62967576,0.67,0.75,11.4,7.42,0,
587,Site CO-2,Routine,-33.95279683,18.62967576,0.54,0.61,15.7,7.3,0,
588,Site CO-2,Routine,-33.95279683,18.62967576,0.73,0.78,10.9,7.33,0,
589,Site CO-2,Routine,-33.95279683,18.62967576,0.61,0.79,10.7,7.3,0,
590,Site CO-2,Routine,-33.95279683,18.62967576,0.65,0.73,11.4,7.58,0,
591,Site CO-2,Routine,-33.95279683,18.62967576,0.75,0.82,11.9,7.25,0,
592,Site CO-2,Routine,-33.95279683,18.62967576,0.57,0.64,10.1,7.37,0,
593,Site CO-2,Routine,-33.95279683,18.62967576,0.76,0.83,12.5,7.54,0,
594,Site CO-2,Routine,-33.95279683,18.62967576,0.7,0.81,12.7,7.44,0,
595,Site CO-2,Routine,-33.95279683,18.62967576,0.7,0.76,13.6,7.35,0,
596,Site CO-2,Routine,-33.95279683,18.62967576,0.47,0.54,12.3,7.26,0,
597,Site CO-2,Routine,-33.95279683,18.62967576,0.75,0.84,14,7.42,0,
598,Site CO-2,Routine,-33.95279683,18.62967576,0.48,0.54,19.8,7.21,0,
599,Site CO-2,Routine,-33.95279683,18.62967576,0.65,0.8,16.1,7.41,0,
600,Site CO-2,Routine,-33.95279683,18.62967576,0.55,0.62,20.4,6.82,0,
601,Site CO-2,Routine,-33.95279683,18.62967576,0.1,0.15,24.4,7.52,0,
602,Site CO-2,Routine,-33.95279683,18.62967576,0.54,0.62,24.3,7.14,0,
603,Site CO-2,Routine,-33.95279683,18.62967576,0.64,0.72,17,7.16,0,
604,Site CO-2,Routine,-33.95279683,18.62967576,0.44,0.48,26.3,7.29,0,
605,Site CO-2,Routine,-33.95730263,18.63419576,0.53,0.64,18,7.1,0,
606,Site CO-2,Routine,-33.95730263,18.63419576,0.81,0.87,15.4,7.35,0,
607,Site CO-2,Routine,-33.95730263,18.63419576,0.98,1.06,18.9,7.39,0,
608,Site CO-2,Routine,-33.95730263,18.63419576,0.93,0.99,16.4,7.37,0,
609,Site CO-2,Routine,-33.95730263,18.63419576,0.78,0.83,17.1,7.52,0,
610,Site CO-2,Routine,-33.95730263,18.63419576,0.65,0.71,18.5,7.55,0,
611,Site CO-2,Routine,-33.95730263,18.63419576,0.62,0.72,16.7,7.64,0,
612,Site CO-2,Routine,-33.95730263,18.63419576,0.76,0.79,15.2,7.56,0,
613,Site CO-2,Routine,-33.95730263,18.63419576,0.65,0.71,15.2,7.49,0,
614,Site CO-2,Routine,-33.95730263,18.63419576,0.68,0.76,16.6,7.45,0,
615,Site CO-2,Routine,-33.95730263,18.63419576,0.59,0.64,18.7,7.59,0,
616,Site CO-2,Routine,-33.95730263,18.63419576,1.18,1.23,16.8,7.66,0,
617,Site CO-2,Routine,-33.95730263,18.63419576,0.85,0.92,16,7.26,0,
618,Site CO-2,Routine,-33.95730263,18.63419576,0.9,1.02,15.5,7.67,0,
619,Site CO-2,Routine,-33.95730263,18.63419576,0.85,0.92,14,7.37,0,
620,Site CO-2,Routine,-33.95730263,18.63419576,0.77,0.83,15.1,7.42,0,
621,Site CO-2,Routine,-33.95730263,18.63419576,0.68,0.72,16.1,7.41,0,
622,Site CO-2,Routine,-33.95730263,18.63419576,0.82,0.9,14.3,7.4,0,
623,Site CO-2,Routine,-33.95730263,18.63419576,0.81,0.9,15.2,7.68,0,
624,Site CO-2,Routine,-33.95730263,18.63419576,0.77,0.85,15.3,7.47,0,
625,Site CO-2,Routine,-33.95730263,18.63419576,1.18,1.25,16.7,7.53,0,
626,Site CO-2,Duplicate,-33.95730263,18.63419576,1.19,1.24,16.5,7.53,0,
627,Site CO-2,Routine,-33.95730263,18.63419576,0.88,1.03,15.8,7.25,0,
628,Site CO-2,Routine,-33.95730263,18.63419576,0.97,1.12,15.5,7.54,0,
629,Site CO-2,Routine,-33.95730263,18.63419576,0.74,0.83,16.8,7.54,0,
630,Site CO-2,Routine,-33.95730263,18.63419576,0.86,0.91,16.3,7.57,0,
631,Site CO-2,Routine,-33.95730263,18.63419576,0.73,0.75,18.2,7.31,0,
632,Site CO-2,Routine,-33.95730263,18.63419576,0.4,0.46,26.5,7.35,0,
633,Site CO-2,Routine,-33.95730263,18.63419576,0.44,0.48,25.1,7.45,0,
634,Site CO-2,Duplicate,-33.95730263,18.63419576,0.43,0.48,25.2,7.47,0,
635,Site CO-2,Routine,-33.95730263,18.63419576,0.46,0.49,24.8,7.78,0,
636,Site CO-2,Routine,-33.95730263,18.63419576,0.91,0.99,18.6,7.24,0,
637,Site CO-2,Routine,-33.95730263,18.63419576,0.75,0.83,18.1,7.14,0,
638,Site CO-2,Routine,-33.95730263,18.63419576,0.94,1.04,21.5,7.29,0,
639,Site CO-2,Routine,-33.95730263,18.63419576,0.9,0.92,19.9,7.57,0,
640,Site CO-2,Routine,-33.95730263,18.63419576,0.76,0.87,20.1,7.34,0,
641,Site CO-2,Routine,-33.95730263,18.63419576,0.39,0.41,23.5,7.48,0,
642,Site CO-2,Routine,-33.95730263,18.63419576,0.58,0.67,20.9,7.21,0,
643,Site CO-2,Routine,-33.95730263,18.63419576,0.43,0.46,25.7,7.52,0,
644,Site CO-2,Routine,-33.95730263,18.63419576,0.34,0.37,25.3,7.46,0,
645,Site CO-2,Duplicate,-33.95730263,18.63419576,0.33,0.35,25.3,7.48,0,
646,Site CO-2,Routine,-33.95730263,18.63419576,0.45,0.5,25.7,7.54,0,
647,Site CO-2,Routine,-33.95730263,18.63419576,0.52,0.56,26.3,7.72,0,
648,Site CO-2,Duplicate,-33.95730263,18.63419576,0.5,0.56,26.3,7.73,0,
649,Site CO-2,Routine,-33.95730263,18.63419576,0.62,0.69,26.6,7.54,0,
650,Site CO-2,Routine,-33.95730263,18.63419576,0.4,0.43,26.7,7.55,0,
651,Site CO-2,Routine,-33.95730263,18.63419576,0.52,0.6,26.3,7.73,0,
652,Site CO-2,Routine,-33.95730263,18.63419576,0.25,0.27,26.7,7.63,0,
653,Site CO-2,Routine,-33.95730263,18.63419576,0.48,0.51,25.9,7.19,0,
654,Site CO-2,Duplicate,-33.95730263,18.63419576,0.46,0.53,25.8,7.35,0,
655,Site CO-2,Routine,-33.95339115,18.66932576,0.45,0.52,17.8,7.26,0,
656,Site CO-2,Routine,-33.95339115,18.66932576,0.64,0.68,16.6,7.6,0,
657,Site CO-2,Routine,-33.95339115,18.66932576,0.87,0.93,14.3,7.65,0,
658,Site CO-2,Routine,-33.95339115,18.66932576,0.6,0.71,15.9,7.51,0,
659,Site CO-2,Routine,-33.95339115,18.66932576,0.8,0.89,17.5,7.81,0,
660,Site CO-2,Routine,-33.95339115,18.66932576,0.68,0.72,12.3,7.27,0,
661,Site CO-2,Routine,-33.95339115,18.66932576,0.78,0.86,13.1,7.83,0,
662,Site CO-2,Routine,-33.95339115,18.66932576,0.65,0.69,13.1,7.99,0,
663,Site CO-2,Routine,-33.95339115,18.66932576,1,1.06,14.8,7.83,0,
664,Site CO-2,Routine,-33.95339115,18.66932576,0.63,0.67,13.6,7.93,0,
665,Site CO-2,Routine,-33.95339115,18.66932576,0.66,0.73,14.8,7.85,0,
666,Site CO-2,Routine,-33.95339115,18.66932576,0.7,0.8,12.9,7.42,0,
667,Site CO-2,Routine,-33.95339115,18.66932576,0.58,0.63,14.3,7.55,0,
668,Site CO-2,Routine,-33.95339115,18.66932576,0.6,0.68,13.6,7.44,0,
669,Site CO-2,Routine,-33.95339115,18.66932576,0.65,0.7,14.4,7.86,0,
670,Site CO-2,Routine,-33.95339115,18.66932576,0.84,0.92,15,7.81,0,
671,Site CO-2,Routine,-33.95339115,18.66932576,0.66,0.7,14.2,7.39,0,
672,Site CO-2,Routine,-33.95339115,18.66932576,0.72,0.77,15.1,7.77,0,
673,Site CO-2,Routine,-33.95339115,18.66932576,0.66,0.83,15.1,7.83,0,
674,Site CO-2,Routine,-33.95339115,18.66932576,0.58,0.67,14.6,7.79,0,
675,Site CO-2,Routine,-33.95339115,18.66932576,0.58,0.65,18.5,7.9,0,
676,Site CO-2,Routine,-33.95339115,18.66932576,0.65,0.78,17.1,7.82,0,
677,Site CO-2,Routine,-33.95339115,18.66932576,0.55,0.61,17.9,7.79,0,
678,Site CO-2,Routine,-33.95339115,18.66932576,0.6,0.67,14,7.59,0,
679,Site CO-2,Routine,-33.95339115,18.66932576,0.36,0.39,17.4,7.59,0,
680,Site CO-2,Routine,-33.95339115,18.66932576,0.7,0.73,14.7,7.44,0,
681,Site CO-2,Routine,-33.95339115,18.66932576,0.4,0.45,19.5,7.09,0,
682,Site CO-2,Routine,-33.95339115,18.66932576,0.21,0.29,25.3,7.85,0,
683,Site CO-2,Routine,-33.95339115,18.66932576,0.57,0.62,24.1,7.56,0,
684,Site CO-2,Routine,-33.95339115,18.66932576,0.55,0.62,25.7,7.81,0,
685,Site CO-2,Routine,-33.95339115,18.66932576,0.42,0.45,24,7.59,0,
686,Site CO-2,Routine,-33.95339115,18.66932576,0.46,0.51,23.6,7.5,0,
687,Site CO-2,Routine,-33.95339115,18.66932576,0.46,0.51,22,7.25,0,
688,Site CO-2,Routine,-33.95339115,18.66932576,0.48,0.5,25.8,7.72,0,
689,Site CO-2,Routine,-33.95339115,18.66932576,0.4,0.48,25.6,7.52,0,
690,Site CO-2,Routine,-33.89995325,18.53543576,0.43,0.46,16.4,7.56,0,
691,Site CO-2,Duplicate,-33.89995325,18.53543576,0.4,0.43,16.8,7.6,0,
692,Site CO-2,Routine,-33.89995325,18.53543576,0.44,0.58,14.6,7.69,0,
693,Site CO-2,Routine,-33.89995325,18.53543576,0.3,0.35,13.1,7.66,0,
694,Site CO-2,Duplicate,-33.89995325,18.53543576,0.3,0.37,13.5,7.67,0,
695,Site CO-2,Routine,-33.89995325,18.53543576,0.35,0.38,13.3,7.71,0,
696,Site CO-2,Routine,-33.89995325,18.53543576,0.67,0.75,15.4,7.85,0,
697,Site CO-2,Routine,-33.89995325,18.53543576,0.45,0.54,15.4,7.83,0,
698,Site CO-2,Routine,-33.89995325,18.53543576,0.47,0.53,13.1,7.24,0,
699,Site CO-2,Duplicate,-33.89995325,18.53543576,0.64,0.74,13.8,7.83,0,
700,Site CO-2,Routine,-33.89995325,18.53543576,0.64,0.72,14.3,7.77,0,
701,Site CO-2,Routine,-33.89995325,18.53543576,0.57,0.61,16.2,7.95,0,
702,Site CO-2,Duplicate,-33.89995325,18.53543576,0.58,0.53,12,7.98,0,
703,Site CO-2,Routine,-33.89995325,18.53543576,0.32,0.41,13.8,7.75,0,
704,Site CO-2,Duplicate,-33.89995325,18.53543576,0.33,0.41,13.4,7.78,0,
705,Site CO-2,Routine,-33.89995325,18.53543576,0.71,0.8,13,7.76,0,
706,Site CO-2,Duplicate,-33.89995325,18.53543576,0.7,0.77,12.7,7.78,0,
707,Site CO-2,Routine,-33.89995325,18.53543576,0.66,0.73,13.4,7.85,0,
708,Site CO-2,Duplicate,-33.89995325,18.53543576,0.67,0.74,13,7.88,0,
709,Site CO-2,Routine,-33.89995325,18.53543576,0.68,0.75,12.9,7.71,0,
710,Site CO-2,Duplicate,-33.89995325,18.53543576,0.66,0.75,12.5,7.73,0,
711,Site CO-2,Routine,-33.89995325,18.53543576,0.6,0.66,13.3,7.7,0,
712,Site CO-2,Duplicate,-33.89995325,18.53543576,0.59,0.64,13.7,7.8,0,
713,Site CO-2,Routine,-33.89995325,18.53543576,0.59,0.68,12.6,7.77,0,
714,Site CO-2,Duplicate,-33.89995325,18.53543576,0.59,0.68,12,7.88,0,
715,Site CO-2,Routine,-33.89995325,18.53543576,0.44,0.52,13.7,7.4,0,
716,Site CO-2,Duplicate,-33.89995325,18.53543576,0.45,0.53,13.5,7.45,0,
717,Site CO-2,Routine,-33.89995325,18.53543576,0.66,0.73,12.7,7.51,0,
718,Site CO-2,Duplicate,-33.89995325,18.53543576,0.67,0.74,12.5,7.55,0,
719,Site CO-2,Routine,-33.89995325,18.53543576,0.55,0.57,16.1,7.73,0,
720,Site CO-2,Routine,-33.89995325,18.53543576,0.41,0.46,24.3,7.87,0,
721,Site CO-2,Routine,-33.89995325,18.53543576,0.41,0.47,28.3,7.84,0,
722,Site CO-2,Routine,-33.89995325,18.53543576,0.47,0.57,21.7,7.4,0,
723,Site CO-2,Routine,-33.89995325,18.53543576,0.41,0.47,25.1,7.52,0,
724,Site CO-2,Routine,-33.89995325,18.53543576,0.4,0.43,20,7.6,0,
725,Site Co-3,Routine,-33.90634753,18.54042576,0.32,0.38,17.2,7.66,0,
726,Site Co-3,Routine,-33.90634753,18.54042576,0.27,0.36,11.9,7.49,0,
727,Site Co-3,Routine,-33.90634753,18.54042576,0.26,0.35,12.3,7.71,0,
728,Site Co-3,Routine,-33.90634753,18.54042576,0.49,0.56,12.7,7.57,0,
729,Site Co-3,Routine,-33.90634753,18.54042576,0.32,0.35,15.1,7.54,0,
730,Site Co-3,Routine,-33.90634753,18.54042576,0.4,0.47,13.8,7.92,0,
731,Site Co-3,Routine,-33.90634753,18.54042576,0.45,0.54,13.2,7.73,0,
732,Site Co-3,Routine,-33.90634753,18.54042576,0.24,0.31,13.8,7.86,0,
733,Site Co-3,Routine,-33.90634753,18.54042576,0.58,0.67,13.4,7.83,0,
734,Site Co-3,Routine,-33.90634753,18.54042576,0.42,0.45,13.2,7.27,0,
735,Site Co-3,Routine,-33.90634753,18.54042576,0.43,0.51,15.6,7.81,0,
736,Site Co-3,Routine,-33.90634753,18.54042576,0.22,0.27,14.2,7.65,0,
737,Site Co-3,Routine,-33.90634753,18.54042576,0.56,0.65,13.5,7.57,0,
738,Site Co-3,Routine,-33.90634753,18.54042576,0.3,0.34,15,7.55,0,
739,Site Co-3,Routine,-33.90634753,18.54042576,0.38,0.43,17.7,7.62,0,
740,Site Co-3,Routine,-33.90634753,18.54042576,0.23,0.27,19.5,7.38,0,
741,Site Co-3,Routine,-33.90634753,18.54042576,0.25,0.29,25.2,7.5,0,
742,Site Co-3,Routine,-33.90634753,18.54042576,0.3,0.35,22.5,7.44,0,
743,Site Co-3,Routine,-33.90634753,18.54042576,0.33,0.39,28.2,7.82,0,
744,Site Co-3,Routine,-33.90634753,18.54042576,0.44,0.46,26.4,7.88,0,
745,Site Co-3,Routine,-33.90634753,18.54042576,0.23,0.32,27.6,7.71,0,
746,Site Co-3,Duplicate,-33.90634753,18.54042576,0.24,0.27,27.5,7.72,0,
747,Site CO-3,Routine,-33.92186912,18.55573576,0.77,0.84,16.4,7.59,0,
748,Site CO-3,Routine,-33.92186912,18.55573576,0.26,0.27,17,7.57,0,
749,Site CO-3,Routine,-33.92186912,18.55573576,0.24,0.29,16.6,7.62,0,
750,Site CO-3,Routine,-33.92186912,18.55573576,0.82,0.91,15.5,7.73,0,
751,Site CO-3,Routine,-33.92186912,18.55573576,0.61,0.7,12.7,7.33,0,
752,Site CO-3,Routine,-33.92186912,18.55573576,0.9,0.98,12,7.77,0,
753,Site CO-3,Routine,-33.92186912,18.55573576,0.44,0.53,13.3,7.83,0,
754,Site CO-3,Routine,-33.92186912,18.55573576,0.66,0.76,12,7.72,0,
755,Site CO-3,Routine,-33.92186912,18.55573576,0.43,0.52,14.7,7.92,0,
756,Site CO-3,Routine,-33.92186912,18.55573576,0.79,0.84,11.6,7.58,0,
757,Site CO-3,Duplicate,-33.92186912,18.55573576,0.78,0.8,11.5,7.63,0,
758,Site CO-3,Routine,-33.92186912,18.55573576,0.97,1.06,12.1,7.69,0,
759,Site CO-3,Routine,-33.92186912,18.55573576,0.46,0.54,13.5,7.73,0,
760,Site CO-3,Routine,-33.92186912,18.55573576,0.9,0.97,13.2,7.53,0,
761,Site CO-3,Routine,-33.92186912,18.55573576,0.57,0.64,12.7,7.29,0,
762,Site CO-3,Routine,-33.92186912,18.55573576,0.81,0.9,13.4,7.55,0,
763,Site CO-3,Duplicate,-33.92186912,18.55573576,0.8,0.89,12.3,7.51,0,
764,Site CO-3,Routine,-33.92186912,18.55573576,0.48,0.61,19.7,7.58,0,
765,Site CO-3,Routine,-33.92186912,18.55573576,0.43,0.48,23.9,7.37,0,
766,Site CO-3,Routine,-33.92186912,18.55573576,0.41,0.48,18.9,7.31,0,
767,Site CO-3,Duplicate,-33.92186912,18.55573576,0.38,0.42,19.1,7.45,0,
768,Site CO-3,Routine,-33.92713535,18.55792576,0.76,0.83,12.9,7.49,0,
769,Site CO-3,Routine,-33.92713535,18.55792576,0.61,0.68,14.6,7.35,0,
770,Site CO-3,Routine,-33.92713535,18.55792576,0.65,0.73,16,7.64,0,
771,Site CO-3,Routine,-33.92713535,18.55792576,0.66,0.73,13.9,7.62,0,
772,Site CO-3,Routine,-33.92713535,18.55792576,0.74,0.82,15.2,7.81,0,
773,Site CO-3,Routine,-33.92713535,18.55792576,0.86,0.92,14.9,7.81,0,
774,Site CO-3,Routine,-33.92713535,18.55792576,1.09,1.11,16.2,7.78,0,
775,Site CO-3,Routine,-33.92713535,18.55792576,0.86,0.95,15.6,7.9,0,
776,Site CO-3,Routine,-33.92713535,18.55792576,0.81,0.85,12.4,7.58,0,
777,Site CO-3,Duplicate,-33.92713535,18.55792576,0.79,0.84,13.1,7.73,0,
778,Site CO-3,Routine,-33.92713535,18.55792576,0.55,0.64,14.2,7.84,0,
779,Site CO-3,Routine,-33.92713535,18.55792576,1.05,1.13,14.1,7.84,0,
780,Site CO-3,Routine,-33.92713535,18.55792576,0.7,0.77,15.3,7.79,0,
781,Site CO-3,Routine,-33.92713535,18.55792576,0.53,0.62,14.5,7.92,0,
782,Site CO-3,Routine,-33.92713535,18.55792576,0.84,0.93,14,7.85,0,
783,Site CO-3,Routine,-33.93234682,18.56517576,0.55,0.64,18.7,7.8,0,
784,Site CO-3,Routine,-33.93234682,18.56517576,0.4,0.47,17.1,7.87,0,
785,Site CO-3,Routine,-33.93234682,18.56517576,0.42,0.48,16.5,7.33,0,
786,Site CO-3,Routine,-33.93234682,18.56517576,0.78,0.85,17.7,7.8,0,
787,Site CO-3,Routine,-33.93234682,18.56517576,0.72,0.8,16.8,7.86,0,
788,Site CO-3,Routine,-33.93234682,18.56517576,0.35,0.37,18,7.64,0,
789,Site CO-3,Routine,-33.93234682,18.56517576,0.54,0.58,7.8,7.8,0,
790,Site CO-3,Routine,-33.93234682,18.56517576,0.24,0.31,18.2,7.49,0,
791,Site CO-3,Duplicate,-33.93234682,18.56517576,0.22,0.25,18.6,7.51,0,
792,Site CO-3,Routine,-33.93234682,18.56517576,0.63,0.7,19.4,7.68,0,
793,Site CO-3,Routine,-33.93234682,18.56517576,0.63,0.69,17,7.88,0,
794,Site CO-3,Routine,-33.93234682,18.56517576,0.95,1.04,15.5,7.85,0,
795,Site CO-3,Routine,-33.93234682,18.56517576,0.51,0.6,16.6,7.92,0,
796,Site CO-3,Routine,-33.93234682,18.56517576,0.82,0.91,16.6,7.77,0,
797,Site CO-3,Routine,-33.93234682,18.56517576,0.91,0.96,16.8,7.78,0,
798,Site CO-3,Routine,-33.93234682,18.56517576,0.7,0.78,15.9,7.51,0,
799,Site CO-3,Routine,-33.93234682,18.56517576,0.6,0.67,16.4,7.31,0,
800,Site CO-3,Routine,-33.93234682,18.56517576,0.62,0.67,18.9,7.62,0,
801,Site CO-3,Routine,-33.93234682,18.56517576,0.46,0.48,19.1,7.53,0,
802,Site CO-3,Routine,-33.93234682,18.56517576,0.52,0.57,22.9,7.09,0,
803,Site CO-3,Routine,-33.93234682,18.56517576,0.24,0.27,24.2,7.64,0,
804,Site CO-3,Routine,-33.93234682,18.56517576,0.44,0.53,24.4,7.37,0,
805,Site CO-3,Routine,-33.96804101,18.54541576,0.73,0.82,13.4,7.62,0,
806,Site CO-3,Routine,-33.96804101,18.54541576,0.64,0.72,14.1,7.64,0,
807,Site CO-3,Routine,-33.96804101,18.54541576,0.54,0.63,11.9,7.27,0,
808,Site CO-3,Duplicate,-33.96804101,18.54541576,0.54,0.59,11.9,7.2,0,
809,Site CO-3,Routine,-33.96804101,18.54541576,0.76,0.82,13.1,7.27,0,
810,Site CO-3,Routine,-33.96804101,18.54541576,0.53,0.54,14.5,7.54,0,
811,Site CO-3,Routine,-33.96804101,18.54541576,0.62,0.65,15.4,7.41,0,
812,Site CO-3,Duplicate,-33.96804101,18.54541576,0.57,0.61,15.4,7.43,0,
813,Site CO-3,Routine,-33.96804101,18.54541576,0.46,0.5,14.5,7.56,0,
814,Site CO-3,Routine,-33.96804101,18.54541576,0.41,0.49,17.5,7.54,0,
815,Site CO-3,Routine,-33.96804101,18.54541576,0.31,0.36,19.4,7.58,0,
816,Site CO-3,Routine,-33.96804101,18.54541576,0.54,0.58,15.6,7.62,0,
817,Site CO-3,Routine,-33.96804101,18.54541576,0.25,0.32,18.3,7.51,0,
818,Site CO-3,Duplicate,-33.96804101,18.54541576,0.23,0.27,18.3,7.53,0,
819,Site CO-3,Routine,-33.96804101,18.54541576,0.4,0.44,16.8,7.66,0,
820,Site CO-3,Routine,-33.96804101,18.54541576,0.54,0.62,15.7,7.74,0,
821,Site CO-3,Routine,-33.96804101,18.54541576,0.55,0.63,16.2,7.7,0,
822,Site CO-3,Routine,-33.96804101,18.54541576,0.49,0.5,15,7.46,0,
823,Site CO-3,Routine,-33.96804101,18.54541576,0.65,0.7,13.7,7.47,0,
824,Site CO-3,Routine,-33.96804101,18.54541576,0.24,0.32,27.1,7.38,0,
825,Site CO-3,Duplicate,-33.96804101,18.54541576,0.25,0.33,26.8,7.35,0,
826,Site CO-3,Routine,-33.96804101,18.54541576,0.538,0.44,26.2,7.32,0,
827,Site CO-3,Routine,-33.96804101,18.54541576,0.37,0.44,24.7,7.29,0,
828,Site CO-3,Routine,-33.96804101,18.54541576,0.25,0.31,24.7,7.12,0,
829,Site CO-3,Routine,-33.96804101,18.54541576,0.36,0.41,18.1,7.6,0,
830,Site CO-3,Routine,-33.96804101,18.54541576,0.41,0.43,21,7.46,0,
831,Site CO-3,Routine,-33.96804101,18.54541576,0.38,0.41,21.1,7.48,0,
832,Site CO-3,Routine,-33.962737,18.55764576,0.67,0.72,12.8,7.35,0,
833,Site CO-3,Routine,-33.962737,18.55764576,0.76,0.8,13.1,7.39,0,
834,Site CO-3,Routine,-33.962737,18.55764576,0.81,0.89,13.8,7.72,0,
835,Site CO-3,Routine,-33.962737,18.55764576,0.81,0.85,13.5,7.39,0,
836,Site CO-3,Duplicate,-33.962737,18.55764576,0.78,0.82,13.5,7.4,0,
837,Site CO-3,Routine,-33.962737,18.55764576,0.75,0.84,14.5,7.77,0,
838,Site CO-3,Routine,-33.962737,18.55764576,0.75,0.83,13.8,7.79,0,
839,Site CO-3,Routine,-33.962737,18.55764576,0.61,0.7,14.5,7.76,0,
840,Site CO-3,Routine,-33.962737,18.55764576,0.62,0.74,13.3,7.72,0,
841,Site CO-3,Routine,-33.962737,18.55764576,0.65,0.72,14.9,7.57,0,
842,Site CO-3,Routine,-33.962737,18.55764576,0.65,0.68,14.4,7.55,0,
843,Site CO-3,Routine,-33.962737,18.55764576,0.66,0.72,16.4,7.69,0,
844,Site CO-3,Routine,-33.962737,18.55764576,0.52,0.62,17,7.62,0,
845,Site CO-3,Routine,-33.962737,18.55764576,0.58,0.64,16.3,7.59,0,
846,Site CO-3,Routine,-33.962737,18.55764576,0.72,0.78,13.8,7.8,0,
847,Site CO-3,Routine,-33.962737,18.55764576,0.8,0.86,12.7,7.38,0,
848,Site CO-3,Routine,-33.962737,18.55764576,0.73,0.8,13.3,7.71,0,
849,Site CO-3,Routine,-33.962737,18.55764576,0.85,0.87,11.8,7.61,0,
850,Site CO-3,Routine,-33.962737,18.55764576,0.85,0.88,12.9,7.81,0,
851,Site CO-3,Routine,-33.962737,18.55764576,0.87,0.93,12.9,7.3,0,
852,Site CO-3,Routine,-33.962737,18.55764576,0.92,0.97,13,7.72,0,
853,Site CO-3,Routine,-33.962737,18.55764576,0.93,1.02,12.2,7.31,0,
854,Site CO-3,Routine,-33.962737,18.55764576,0.62,0.7,13.5,7.66,0,
855,Site CO-3,Routine,-33.962737,18.55764576,0.66,0.74,12.7,7.69,0,
856,Site CO-3,Routine,-33.962737,18.55764576,0.95,1.03,13.7,7.4,0,
857,Site CO-3,Routine,-33.962737,18.55764576,0.8,0.85,18.4,7.61,0,
858,Site CO-3,Routine,-33.962737,18.55764576,0.74,0.76,19.3,7.66,0,
859,Site CO-3,Routine,-33.962737,18.55764576,0.82,0.89,21.8,7.75,0,
860,Site CO-3,Routine,-33.962737,18.55764576,0.65,0.71,18.9,7.5,0,
861,Site CO-3,Routine,-33.962737,18.55764576,0.42,0.49,21,7.82,0,
862,Site CO-3,Duplicate,-33.962737,18.55764576,0.4,0.49,21,7.71,0,
863,Site CO-3,Routine,-33.962737,18.55764576,0.62,0.64,17.5,7.55,0,
864,Site CO-3,Routine,-33.962737,18.55764576,0.27,0.38,25.9,7.25,0,
865,Site CO-3,Routine,-33.962737,18.55764576,0.7,0.79,22.9,7.75,0,
866,Site CO-3,Routine,-33.962737,18.55764576,0.65,0.72,22.2,7.73,0,
867,Site CO-3,Routine,-33.962737,18.55764576,0.64,0.67,24.3,7.24,0,
868,Site CO-3,Routine,-33.962737,18.55764576,0.32,0.41,25.8,7.82,0,
869,Site CO-3,Routine,-33.962737,18.55764576,0.31,0.32,25.3,7.99,0,
870,Site CO-3,Routine,-33.962737,18.55764576,0.6,0.65,25.8,7.27,0,
871,Site CO-3,Routine,-33.962737,18.55764576,0.85,0.93,25.2,7.38,0,
872,Site CO-3,Routine,-33.962737,18.55764576,0.42,0.47,23.6,7.67,0,
873,Site CO-3,Routine,-33.962737,18.55764576,0.64,0.71,23.4,7.74,0,
874,Site CO-3,Routine,-33.962737,18.55764576,0.88,0.94,25.9,7.73,0,
875,Site CO-3,Routine,-33.962737,18.55764576,0.85,0.92,25.5,7.74,0,
876,Site CO-4,Routine,-33.87590325,18.64463576,0.68,0.72,13.8,7.47,0,
877,Site CO-4,Routine,-33.87590325,18.64463576,0.66,0.74,9.4,7.47,0,
878,Site CO-4,Duplicate,-33.87590325,18.64463576,0.65,0.73,8.3,7.47,0,
879,Site CO-4,Routine,-33.87590325,18.64463576,0.73,0.83,9.4,7.21,0,
880,Site CO-4,Duplicate,-33.87590325,18.64463576,0.73,0.82,7.8,7.31,0,
881,Site CO-4,Routine,-33.87590325,18.64463576,0.76,0.85,11.2,7.42,0,
882,Site CO-4,Routine,-33.87590325,18.64463576,0.84,0.86,11,7.66,0,
883,Site CO-4,Routine,-33.87590325,18.64463576,0.79,0.87,12.8,7.42,0,
884,Site CO-4,Routine,-33.87590325,18.64463576,0.81,0.88,14.5,7.38,0,
885,Site CO-4,Routine,-33.87590325,18.64463576,0.7,0.76,11.9,7.34,0,
886,Site CO-4,Routine,-33.87590325,18.64463576,0.8,0.88,16.8,7.31,0,
887,Site CO-4,Routine,-33.87590325,18.64463576,0.79,0.88,15,7.26,0,
888,Site CO-4,Routine,-33.87590325,18.64463576,0.87,0.96,15.8,7.28,0,
889,Site CO-4,Routine,-33.87590325,18.64463576,0.84,0.93,15.8,7.39,0,
890,Site CO-4,Routine,-33.87590325,18.64463576,0.73,0.87,15.6,7.34,0,
891,Site CO-4,Routine,-33.87590325,18.64463576,0.8,0.88,13.5,7.29,0,
892,Site CO-4,Routine,-33.87590325,18.64463576,0.79,0.89,14.3,7.25,0,
893,Site CO-4,Routine,-33.87590325,18.64463576,0.81,0.89,11.5,7.22,0,
894,Site CO-4,Duplicate,-33.87590325,18.64463576,0.79,0.86,11.6,7.24,0,
895,Site CO-4,Routine,-33.87590325,18.64463576,0.89,0.92,14.1,7.19,0,
896,Site CO-4,Routine,-33.87590325,18.64463576,0.8,0.9,14,7.08,0,
897,Site CO-4,Routine,-33.87590325,18.64463576,0.64,0.74,14.8,7.48,0,
898,Site CO-4,Routine,-33.87590325,18.64463576,0.7,0.74,14.1,7.2,0,
899,Site CO-4,Routine,-33.87590325,18.64463576,0.55,0.6,27.2,7.16,0,
900,Site CO-4,Routine,-33.87590325,18.64463576,0.44,0.47,27.5,7.12,0,
901,Site CO-4,Routine,-33.87590325,18.64463576,0.52,0.59,27,6.84,0,
902,Site CO-4,Duplicate,-33.87590325,18.64463576,0.53,0.59,27.1,6.82,0,
903,Site CO-4,Routine,-33.87590325,18.64463576,0.57,0.6,27.1,7.14,0,
904,Site CO-4,Duplicate,-33.87590325,18.64463576,0.51,0.61,26.2,7.04,0,
905,Site CO-4,Routine,-33.87590325,18.64463576,0.5,0.61,26.1,7.13,0,
906,Site CO-4,Routine,-33.87590325,18.64463576,0.55,0.6,25.6,7.15,0,
907,Site CO-4,Routine,-33.87590325,18.64463576,0.49,0.52,26.6,7.21,0,
908,Site CO-4,Routine,-33.87590325,18.64463576,0.63,0.65,26.8,7.19,0,
909,Site CO-4,Routine,-33.87590325,18.64463576,0.46,0.49,27.3,7.25,0,
910,Site CO-4,Duplicate,-33.87590325,18.64463576,0.55,0.61,24.9,7.02,0,
911,Site CO-4,Routine,-33.87590325,18.64463576,0.55,0.61,24.5,7.1,0,
912,Site CO-4,Routine,-33.87590325,18.64463576,0.65,0.77,24.1,7.18,0,
913,Site CO-4,Routine,-33.87590325,18.64463576,0.59,0.67,24,7.06,0,
914,Site CO-4,Routine,-33.87590325,18.64463576,0.68,0.7,24.3,7.21,0,
915,Site CO-4,Routine,-33.87590325,18.64463576,0.68,0.8,23.9,7.2,0,
916,Site CO-4,Routine,-33.87590325,18.64463576,0.62,0.69,23.8,7.22,0,
917,Site CO-4,Routine,-33.87590325,18.64463576,0.68,0.75,16.8,7.2,0,
918,Site CO-4,Routine,-33.87590325,18.64463576,0.74,0.78,17.6,7.26,0,
919,Site CO-4,Routine,-33.87590325,18.64463576,0.74,0.81,16,7.29,0,
920,Site CO-4,Routine,-33.87590325,18.64463576,0.66,0.75,15.2,7.33,0,
921,Site CO-4,Routine,-33.87590325,18.64463576,0.76,0.82,17.2,7.26,0,
922,Site CO-4,Routine,-33.87590325,18.64463576,0.71,0.75,18.1,7.32,0,
923,Site CO-4,Routine,-33.87590325,18.64463576,0.67,0.73,23.5,7.29,0,
924,Site CO-4,Routine,-33.87590325,18.64463576,0.66,0.72,23.9,7.2,0,
925,Site CO-4,Routine,-33.87590325,18.64463576,0.62,0.7,22.2,7.25,0,
926,Site CO-4,Routine,-33.87590325,18.64463576,0.64,0.72,21.4,7.16,0,
927,Site CO-4,Routine,-33.87590325,18.64463576,0.7,0.74,27.4,7.04,0,
928,Site CO-4,Routine,-33.87590325,18.64463576,0.57,0.62,26.8,7.03,0,
929,Site CO-4,Routine,-33.87590325,18.64463576,0.45,0.47,26,7.23,0,
930,Site CO-4,Routine,-33.87590325,18.64463576,0.34,0.44,26.8,7.25,0,
931,Site CO-4,Routine,-33.87590325,18.64463576,0.47,0.54,26.9,7.2,0,
932,Site CO-4,Routine,-33.87590325,18.64463576,0.48,0.5,28.1,7.18,0,
933,Site CO-4,Duplicate,-33.87590325,18.64463576,0.47,0.5,28.2,7.13,0,
934,Site CO-4,Routine,-33.87590325,18.64463576,0.59,0.63,27.3,7.02,0,
935,Site CO-4,Duplicate,-33.87590325,18.64463576,0.58,0.61,27.1,7.06,0,
936,Site CO-4,Routine,-33.9544609,18.58817576,0.28,0.37,19.7,7.43,0,
937,Site CO-4,Routine,-33.9544609,18.58817576,0.57,0.65,14.6,7.34,0,
938,Site CO-4,Routine,-33.9544609,18.58817576,0.4,0.47,17.4,7.5,0,
939,Site CO-4,Routine,-33.9544609,18.58817576,0.33,0.38,12.5,7.33,0,
940,Site CO-4,Routine,-33.9544609,18.58817576,0.34,0.36,19.7,7.55,0,
941,Site CO-4,Routine,-33.9544609,18.58817576,0.62,0.71,13.7,7.6,0,
942,Site CO-4,Routine,-33.9544609,18.58817576,0.64,0.71,15.2,7.69,0,
943,Site CO-4,Routine,-33.9544609,18.58817576,0.4,0.42,12.4,7.12,0,
944,Site CO-4,Routine,-33.9544609,18.58817576,0.54,0.62,15.9,7.73,0,
945,Site CO-4,Routine,-33.9544609,18.58817576,0.55,0.64,18.8,7.65,0,
946,Site CO-4,Routine,-33.9544609,18.58817576,0.16,0.19,21.3,7.24,0,
947,Site CO-4,Routine,-33.9544609,18.58817576,0.24,0.31,19.5,7.55,0,
948,Site CO-4,Routine,-33.9544609,18.58817576,0.31,0.35,20.4,7.45,0,
949,Site CO-4,Routine,-33.9544609,18.58817576,0.28,0.3,19.5,7.55,0,
950,Site CO-4,Routine,-33.9544609,18.58817576,0.27,0.35,19.8,7.41,0,
951,Site CO-4,Routine,-33.9544609,18.58817576,0.22,0.27,18.4,7.57,0,
952,Site CO-4,Routine,-33.9544609,18.58817576,0.26,0.28,19.2,7.58,0,
953,Site CO-4,Routine,-33.9544609,18.58817576,0.54,0.61,17.1,7.61,0,
954,Site CO-4,Routine,-33.9544609,18.58817576,0.51,0.6,18.6,7.66,0,
955,Site CO-4,Routine,-33.9544609,18.58817576,0.26,0.34,19.4,7.38,0,
956,Site CO-4,Routine,-33.9544609,18.58817576,0.55,0.63,19.4,7.64,0,
957,Site CO-4,Routine,-33.9544609,18.58817576,0.89,0.96,15.8,7.83,0,
958,Site CO-4,Routine,-33.9544609,18.58817576,0.25,0.27,18.4,7.28,0,
959,Site CO-4,Routine,-33.9544609,18.58817576,0.52,0.6,23.4,7.29,0,
960,Site CO-4,Routine,-33.9544609,18.58817576,0.22,0.26,28.1,7.24,0,
961,Site CO-4,Routine,-33.9544609,18.58817576,0.25,0.29,25.1,7.59,0,
962,Site CO-4,Duplicate,-33.9544609,18.58817576,0.22,0.24,25.3,7.54,0,
963,Site CO-4,Routine,-33.9544609,18.58817576,0.3,0.35,26.1,7.4,0,
964,Site CO-4,Routine,-33.9544609,18.58817576,0.26,0.29,19.8,7.62,0,
965,Site CO-4,Routine,-33.9544609,18.58817576,0.25,0.27,23.5,7.43,0,
966,Site CO-4,Routine,-33.9544609,18.58817576,0.23,0.27,22.5,7.71,0,
967,Site CO-4,Routine,-33.96632349,18.59789576,0.5,0.52,18.3,7.22,0,
968,Site CO-4,Routine,-33.96632349,18.59789576,0.68,0.72,20.5,7.61,0,
969,Site CO-4,Routine,-33.96632349,18.59789576,0.61,0.7,14.9,7.66,0,
970,Site CO-4,Routine,-33.96632349,18.59789576,0.63,0.7,15.1,7.64,0,
971,Site CO-4,Routine,-33.96632349,18.59789576,0.88,0.9,16.3,7.53,0,
972,Site CO-4,Routine,-33.96632349,18.59789576,0.7,0.78,16.6,7.68,0,
973,Site CO-4,Routine,-33.96632349,18.59789576,0.59,0.66,17.6,7.57,0,
974,Site CO-4,Routine,-33.96632349,18.59789576,0.6,0.73,11.9,7.7,0,
975,Site CO-4,Duplicate,-33.96632349,18.59789576,0.61,0.71,11.9,7.78,0,
976,Site CO-4,Routine,-33.96632349,18.59789576,0.74,0.8,14.2,7.68,0,
977,Site CO-4,Routine,-33.96632349,18.59789576,0.74,0.77,9.9,7.2,0,
978,Site CO-4,Routine,-33.96632349,18.59789576,0.52,0.64,10.8,7.26,0,
979,Site CO-4,Routine,-33.96632349,18.59789576,0.61,0.7,14,7.62,0,
980,Site CO-4,Routine,-33.96632349,18.59789576,0.55,0.57,19.6,7.56,0,
981,Site CO-4,Routine,-33.96632349,18.59789576,0.67,0.75,21,7.56,0,
982,Site CO-4,Routine,-33.96632349,18.59789576,0.35,0.44,24,7.4,0,
983,Site CO-4,Routine,-33.96632349,18.59789576,0.62,0.69,28.1,7.52,0,
984,Site CO-4,Routine,-33.96632349,18.59789576,0.53,0.58,25.6,7.73,0,
985,Site CO-4,Routine,-33.98456421,18.61036576,0.81,0.86,10.8,7.32,0,
986,Site CO-4,Routine,-33.98456421,18.61036576,0.49,0.51,17.3,7.78,0,
987,Site CO-4,Duplicate,-33.98456421,18.61036576,0.5,0.55,17.5,7.87,0,
988,Site CO-4,Routine,-33.98456421,18.61036576,0.6,0.71,15.3,7.33,0,
989,Site CO-4,Routine,-33.98456421,18.61036576,0.64,0.73,17.5,7.87,0,
990,Site CO-4,Routine,-33.98456421,18.61036576,0.7,0.76,17.7,7.85,0,
991,Site CO-4,Routine,-33.98456421,18.61036576,0.41,0.54,16.7,7.33,0,
992,Site CO-4,Duplicate,-33.98456421,18.61036576,0.41,0.5,16.4,7.33,0,
993,Site CO-4,Routine,-33.92830312,18.52343576,0.54,0.58,18,7.35,0,
994,Site CO-4,Routine,-33.92830312,18.52343576,0.43,0.45,20.1,7.37,0,
995,Site CO-4,Routine,-33.92830312,18.52343576,0.24,0.27,17.7,7.55,0,
996,Site CO-4,Routine,-33.92830312,18.52343576,0.44,0.48,18.5,7.9,0,
997,Site CO-4,Duplicate,-33.92830312,18.52343576,0.42,0.44,18.5,7.92,0,
998,Site CO-4,Routine,-33.92830312,18.52343576,0.3,0.38,19.5,7.62,0,
999,Site CO-4,Routine,-33.92830312,18.52343576,0.32,0.39,19.2,7.7,0,
1000,Site CO-4,Routine,-33.92830312,18.52343576,0.59,0.68,14.7,7.59,0,
1001,Site CO-4,Duplicate,-33.92830312,18.52343576,0.63,0.65,14.6,7.65,0,
1002,Site CO-4,Routine,-33.92830312,18.52343576,0.61,0.66,16.9,7.65,0,
1003,Site CO-4,Routine,-33.92830312,18.52343576,0.44,0.56,16.7,7.29,0,
1004,Site CO-4,Routine,-33.92830312,18.52343576,0.5,0.51,17.1,7.23,0,
1005,Site CO-4,Routine,-33.92830312,18.52343576,0.26,0.3,26.7,7.3,0,
1006,Site CO-4,Routine,-33.92830312,18.52343576,0.24,0.28,27.3,7.27,0,
1007,Site CO-4,Routine,-33.92830312,18.52343576,0.24,0.28,22.7,7.35,0,
1008,Site CO-4,Routine,-33.92830312,18.52343576,0.21,0.23,21.6,7.52,0,
1009,Site CO-4,Routine,-33.92971955,18.53141576,0.48,0.55,15.7,7.32,0,
1010,Site CO-4,Routine,-33.92971955,18.53141576,0.3,0.31,16.1,7.62,0,
1011,Site CO-4,Routine,-33.92971955,18.53141576,0.45,0.48,14.3,7.62,0,
1012,Site CO-4,Routine,-33.92971955,18.53141576,0.35,0.41,17,7.55,0,
1013,Site CO-4,Routine,-33.92971955,18.53141576,0.34,0.38,14.8,7.37,0,
1014,Site CO-4,Routine,-33.92127433,18.52925576,0.35,0.41,21.1,7.35,0,
1015,Site CO-4,Routine,-33.92127433,18.52925576,0.62,0.64,20.1,7.24,0,
1016,Site CO-4,Duplicate,-33.92127433,18.52925576,0.59,0.62,20.5,7.28,0,
1017,Site CO-4,Routine,-33.92127433,18.52925576,0.43,0.44,18.9,7.48,0,
1018,Site CO-4,Routine,-33.92127433,18.52925576,0.35,0.37,22,7.78,0,
1019,Site CO-4,Routine,-33.92127433,18.52925576,0.6,0.62,21.7,7.54,0,
1020,Site CO-4,Routine,-33.92127433,18.52925576,0.58,0.61,19.8,7.6,0,
1021,Site CO-4,Routine,-33.92127433,18.52925576,0.73,0.78,20.3,7.64,0,
1022,Site CO-4,Duplicate,-33.92127433,18.52925576,0.75,0.77,20.2,7.63,0,
1023,Site CO-4,Routine,-33.92127433,18.52925576,0.41,0.55,13,7.21,0,
1024,Site CO-4,Routine,-33.92127433,18.52925576,0.5,0.59,18.6,7.09,0,
1025,Site CO-4,Duplicate,-33.92127433,18.52925576,0.5,0.56,18.5,7.14,0,
1026,Site CO-4,Routine,-33.92127433,18.52925576,0.41,0.5,19.3,7.52,0,
1027,Site CO-4,Duplicate,-33.92127433,18.52925576,0.39,0.47,19.8,7.47,0,
1028,Site CO-4,Routine,-33.92127433,18.52925576,0.55,0.62,20.7,7.41,0,
1029,Site CO-4,Routine,-33.92127433,18.52925576,0.42,0.45,21.7,7.42,0,
1030,Site CO-4,Duplicate,-33.92127433,18.52925576,0.4,0.42,21.8,7.41,0,
1031,Site CO-4,Routine,-33.92127433,18.52925576,0.2,0.23,27.5,7.37,0,
1032,Site CO-4,Duplicate,-33.92127433,18.52925576,0.2,0.23,27.4,7.4,0,
1033,Site CO-4,Routine,-33.92127433,18.52925576,0.38,0.41,26.3,7.34,0,
1034,Site CO-4,Routine,-33.92127433,18.52925576,0.62,0.7,22.4,7.19,0,
1035,Site CO-5,Routine,-33.89532189,18.62366576,0.81,0.87,20.7,7.31,0,
1036,Site CO-5,Routine,-33.89532189,18.62366576,1.09,1.18,21.1,7.32,0,
1037,Site CO-5,Routine,-33.89532189,18.62366576,1,1.08,18.1,7.25,0,
1038,Site CO-5,Routine,-33.89532189,18.62366576,0.61,0.7,19.3,7.38,0,
1039,Site CO-5,Routine,-33.89532189,18.62366576,0.72,0.82,15.3,7.3,0,
1040,Site CO-5,Routine,-33.89532189,18.62366576,0.84,0.92,17.2,7.35,0,
1041,Site CO-5,Routine,-33.89532189,18.62366576,0.95,1.02,15.4,7.36,0,
1042,Site CO-5,Routine,-33.89532189,18.62366576,0.81,0.88,16.7,7.33,0,
1043,Site CO-5,Routine,-33.89532189,18.62366576,1.03,1.13,15,7.44,0,
1044,Site CO-5,Routine,-33.89532189,18.62366576,1.02,1.08,18.1,7.33,0,
1045,Site CO-5,Routine,-33.89532189,18.62366576,0.96,1.01,16.2,7.47,0,
1046,Site CO-5,Duplicate,-33.89532189,18.62366576,0.95,1.02,15.3,7.51,0,
1047,Site CO-5,Routine,-33.89532189,18.62366576,0.88,1,20.4,7.3,0,
1048,Site CO-5,Routine,-33.89532189,18.62366576,0.6,0.67,26.5,7.65,0,
1049,Site CO-5,Routine,-33.89532189,18.62366576,0.72,0.89,18.2,7.12,0,
1050,Site CO-5,Duplicate,-33.89532189,18.62366576,0.71,0.87,18.4,7.17,0,
1051,Site CO-5,Routine,-33.89532189,18.62366576,1.02,1.13,23.6,7.49,0,
1052,Site CO-5,Routine,-33.90581742,18.59089576,0.53,0.59,11.2,7.11,0,
1053,Site CO-5,Duplicate,-33.90581742,18.59089576,0.49,0.55,10.3,7.07,0,
1054,Site CO-5,Routine,-33.90581742,18.59089576,0.65,0.71,12.9,7.62,0,
1055,Site CO-6,Routine,-33.90182512,18.63995576,0.32,0.35,25,7.6,0,
1056,Site CO-6,Routine,-33.91137784,18.57231576,0.22,0.24,13,7.81,0,
1057,Site CO-6,Routine,-33.91137784,18.57231576,0.5,0.59,14.5,7.19,0,
1058,Site CO-6,Routine,-33.91264343,18.58343576,0.81,0.92,13,7.23,0,
1059,Site CO-6,Routine,-33.91264343,18.58343576,0.44,0.46,12.7,7.42,0,
1060,Site CO-6,Routine,-33.90903045,18.58623576,0.67,0.77,20.3,7.53,0,
1061,Site CO-6,Routine,-33.90903045,18.58623576,0.67,0.77,15.5,7.72,0,
1062,Site CO-6,Routine,-33.90903045,18.58623576,0.71,0.83,20.7,7.76,0,
1063,Site CO-6,Routine,-33.90903045,18.58623576,0.65,0.8,23.5,7.73,0,
1064,Site CO-6,Routine,-33.90903045,18.58623576,0.56,0.64,15.2,7.64,0,
1065,Site CO-6,Routine,-33.90903045,18.58623576,0.41,0.52,23.1,7.64,0,
1066,Site CO-6,Routine,-33.90903045,18.58623576,0.51,0.6,23.5,7.66,0,
1067,Site CO-6,Routine,-33.90903045,18.58623576,0.63,0.7,21.2,7.43,0,
1068,Site CO-6,Duplicate,-33.90903045,18.58623576,0.6,0.69,21.2,7.44,0,
1069,Site CO-6,Routine,-33.90903045,18.58623576,0.68,0.77,14.2,7.3,0,
1070,Site CO-6,Routine,-33.90903045,18.58623576,0.57,0.65,14.4,7.52,0,
1071,Site CO-6,Routine,-33.90903045,18.58623576,0.31,0.37,13.9,7.14,0,
1072,Site CO-6,Routine,-33.90903045,18.58623576,0.48,0.51,24.3,7.67,0,
1073,Site CO-6,Routine,-33.90903045,18.58623576,0.67,0.71,27.7,7.8,0,
1074,Site CO-6,Duplicate,-33.90903045,18.58623576,0.69,0.73,27.7,7.85,0,
1075,Site CO-6,Routine,-33.90903045,18.58623576,0.66,0.68,13.9,7.09,0,
1076,Site CO-6,Routine,-33.90903045,18.58623576,0.52,0.56,24.7,7.05,0,
1077,Site CO-6,Routine,-33.90903045,18.58623576,0.63,0.72,15.6,7.5,0,
1078,Site CO-6,Routine,-33.90903045,18.58623576,0.59,0.67,18,7.59,0,
1079,Site CO-6,Routine,-33.90903045,18.58623576,0.53,0.63,23.4,7.37,0,
1080,Site CO-6,Routine,-33.90903045,18.58623576,0.42,0.46,18.7,7.41,0,
1081,Site CO-6,Routine,-33.90903045,18.58623576,0.21,0.24,23.6,7.5,0,
1082,Site CO-6,Routine,-33.90903045,18.58623576,0.44,0.46,24.6,7.54,0,
1083,Site CO-6,Routine,-33.90900881,18.58466576,0.38,0.46,14.8,7.62,0,
1084,Site CO-6,Routine,-33.90900881,18.58466576,0.22,0.25,15.6,7.68,0,
1085,Site CO-6,Routine,-33.90900881,18.58466576,0.3,0.34,15,7.71,0,
1086,Site CO-6,Duplicate,-33.90900881,18.58466576,0.31,0.34,15,7.73,0,
1087,Site CO-6,Routine,-33.90900881,18.58466576,0.37,0.42,23.9,7.58,0,
1088,Site CO-6,Routine,-33.90900881,18.58466576,0.26,0.38,15,7.54,0,
1089,Site CO-6,Routine,-33.90900881,18.58466576,0.43,0.49,18.3,7.47,0,
1090,Site CO-6,Routine,-33.90900881,18.58466576,0.31,0.33,18.4,7.61,0,
1091,Site CO-6,Routine,-33.90900881,18.58466576,0.26,0.29,12.6,7.34,0,
1092,Site CO-6,Routine,-33.90900881,18.58466576,0.37,0.45,17.8,7.11,0,
1093,Site CO-6,Routine,-33.90900881,18.58466576,0.31,0.37,21.9,7.64,0,
1094,Site CO-6,Routine,-33.90900881,18.58466576,0.25,0.28,22.7,7.69,0,
1095,Site CO-6,Routine,-33.90900881,18.58466576,0.47,0.5,23.1,7.76,0,
1096,Site CO-6,Routine,-33.90900881,18.58466576,0.53,0.57,21.9,7.69,0,
1097,Site CO-6,Routine,-33.90900881,18.58466576,0.25,0.31,12.1,7.3,0,
1098,Site CO-6,Routine,-33.90900881,18.58466576,0.32,0.36,11.6,7.5,0,
1099,Site CO-6,Routine,-33.90900881,18.58466576,0.26,0.27,17.4,7.54,0,
1100,Site CO-6,Routine,-33.90900881,18.58466576,0.24,0.29,24.5,7.66,0,
1101,Site CO-6,Routine,-33.90900881,18.58466576,0.23,0.28,24.1,7.6,0,
1102,Site CO-6,Routine,-33.90900881,18.58466576,0.31,0.33,29.1,7.5,0,
1103,Site CO-6,Routine,-33.90900881,18.58466576,0.22,0.29,29.4,7.76,0,
1104,Site CO-6,Routine,-33.90900881,18.58466576,0.31,0.35,26.7,7.38,0,
1105,Site CO-6,Routine,-33.90900881,18.58466576,0.21,0.23,24.1,7.46,0,
1106,Site CO-6,Routine,-33.90900881,18.58466576,0.27,0.29,23.7,7.61,0,
1107,Site CO-6,Routine,-33.90900881,18.58466576,0.22,0.25,23.6,7.62,0,
1108,Site CO-6,Routine,-33.90900881,18.58466576,0.21,0.23,22.7,7.48,0,
1109,Site CO-6,Routine,-33.90900881,18.58466576,0.24,0.27,22.1,7.56,0,
1110,Site CO-6,Routine,-33.90900881,18.58466576,0.2,0.24,19.4,7.55,0,
1111,Site CO-6,Routine,-33.90900881,18.58466576,0.2,0.23,18.1,7.51,0,
1112,Site CO-6,Routine,-33.90900881,18.58466576,0.22,0.25,18.2,7.46,0,
1113,Site CO-6,Routine,-33.90900881,18.58466576,0.3,0.33,23.6,7.35,0,
1114,Site CO-6,Routine,-33.90900881,18.58466576,0.21,0.28,22.5,7.46,0,
1115,Site CO-6,Routine,-33.90272315,18.57586576,0.63,0.69,18.1,7.38,0,
1116,Site CO-6,Routine,-33.90272315,18.57586576,0.63,0.7,13,7.48,0,
1117,Site CO-6,Routine,-33.90272315,18.57586576,0.52,0.59,13.1,7.57,0,
1118,Site CO-6,Routine,-33.90272315,18.57586576,0.52,0.59,14.2,7.73,0,
1119,Site CO-6,Duplicate,-33.90272315,18.57586576,0.51,0.55,14.2,7.8,0,
1120,Site CO-6,Routine,-33.90272315,18.57586576,0.86,0.93,12.3,7.25,0,
1121,Site CO-6,Routine,-33.90272315,18.57586576,0.42,0.45,15,7.62,0,
1122,Site CO-6,Routine,-33.90272315,18.57586576,0.48,0.56,13,7.1,0,
1123,Site CO-6,Duplicate,-33.90272315,18.57586576,0.42,0.53,12.2,7.23,0,
1124,Site CO-6,Routine,-33.90272315,18.57586576,0.35,0.4,17.2,7.71,0,
1125,Site CO-6,Routine,-33.90272315,18.57586576,0.52,0.56,16.3,7.56,0,
1126,Site CO-6,Routine,-33.90272315,18.57586576,0.53,0.59,13.8,7.16,0,
1127,Site CO-6,Routine,-33.90272315,18.57586576,0.61,0.63,14.6,7.33,0,
1128,Site CO-6,Routine,-33.90272315,18.57586576,0.44,0.5,19.2,7.48,0,
1129,Site CO-6,Routine,-33.90272315,18.57586576,0.42,0.48,20.6,7.39,0,
1130,Site CO-6,Routine,-33.90272315,18.57586576,0.4,0.46,17.9,7.35,0,
1131,Site CO-6,Routine,-33.90272315,18.57586576,0.37,0.41,19.1,7.46,0,
1132,Site CO-6,Routine,-33.90272315,18.57586576,0.47,0.5,17.9,7.46,0,
1133,Site CO-6,Routine,-33.90272315,18.57586576,0.38,0.45,19.4,7.59,0,
1134,Site CO-6,Routine,-33.90272315,18.57586576,0.58,0.62,18.5,7.36,0,
1135,Site CO-6,Routine,-33.90272315,18.57586576,0.33,0.4,23.7,7.39,0,
1136,Site CO-6,Routine,-33.90272315,18.57586576,0.34,0.43,23.4,7.25,0,
1137,Site CO-6,Routine,-33.90272315,18.57586576,0.37,0.42,21.9,7.28,0,
1138,Site CO-6,Routine,-33.90272315,18.57586576,0.36,0.41,20.9,7.28,0,
1139,Site CO-6,Routine,-33.90272315,18.57586576,0.42,0.48,18.8,7.34,0,
1140,Site CO-6,Routine,-33.90272315,18.57586576,0.45,0.51,20.2,7.38,0,
1141,Site CO-6,Routine,-33.90272315,18.57586576,0.38,0.47,23.4,7.43,0,
1142,Site CO-6,Routine,-33.90272315,18.57586576,0.3,0.33,25.3,7.29,0,
1143,Site CO-6,Routine,-33.90272315,18.57586576,0.37,0.4,24.7,7.53,0,
1144,Site CO-6,Routine,-33.90272315,18.57586576,0.59,0.66,23.5,7.45,0,
1145,Site CO-6,Routine,-33.90272315,18.57586576,0.27,0.31,25.2,7.52,0,
1146,Site CO-6,Routine,-33.90272315,18.57586576,0.22,0.34,25.9,7.41,0,
1147,Site CO-6,Routine,-33.90272315,18.57586576,0.25,0.28,26.2,7.26,0,
1148,Site CO-6,Routine,-33.90272315,18.57586576,0.2,0.23,28.6,7.72,0,
1149,Site CO-6,Routine,-33.90272315,18.57586576,0.42,0.45,25.7,7.43,0,
1150,Site CO-6,Routine,-33.91069636,18.58606576,0.55,0.61,16,7.39,0,
1151,Site CO-6,Duplicate,-33.91069636,18.58606576,0.53,0.59,16,7.48,0,
1152,Site CO-6,Routine,-33.91069636,18.58606576,0.64,0.69,17.5,7.55,0,
1153,Site CO-6,Routine,-33.91069636,18.58606576,0.61,0.68,16.1,7.45,0,
1154,Site CO-6,Routine,-33.91069636,18.58606576,0.84,0.91,17.2,7.41,0,
1155,Site CO-6,Routine,-33.91069636,18.58606576,0.67,0.82,16.9,7.54,0,
1156,Site CO-6,Routine,-33.91069636,18.58606576,0.59,0.68,16.2,7.35,0,
1157,Site CO-6,Routine,-33.91069636,18.58606576,0.62,0.66,18.7,7.54,0,
1158,Site CO-6,Routine,-33.91069636,18.58606576,0.64,0.71,18.3,7.54,0,
1159,Site CO-6,Routine,-33.91069636,18.58606576,0.23,0.25,22.3,7.45,0,
1160,Site CO-6,Routine,-33.91069636,18.58606576,0.8,0.87,15.1,7.58,0,
1161,Site CO-6,Routine,-33.91069636,18.58606576,0.84,0.87,14.1,6.97,0,
1162,Site CO-6,Routine,-33.91069636,18.58606576,0.71,0.8,14.3,7.47,0,
1163,Site CO-6,Routine,-33.91069636,18.58606576,0.23,0.31,26.1,7.48,0,
1164,Site CO-6,Routine,-33.91069636,18.58606576,0.62,0.65,18.1,7.62,0,
1165,Site CO-6,Routine,-33.91069636,18.58606576,0.39,0.45,16,7.09,0,
1166,Site CO-6,Routine,-33.91069636,18.58606576,0.72,0.8,17.4,7.75,0,
1167,Site CO-6,Routine,-33.91069636,18.58606576,0.37,0.52,21.3,7.7,0,
1168,Site CO-6,Routine,-33.91069636,18.58606576,0.52,0.63,13.5,7.15,0,
1169,Site CO-6,Routine,-33.91069636,18.58606576,1.04,1.12,12.9,7.28,0,
1170,Site CO-6,Routine,-33.91069636,18.58606576,0.51,0.6,16.4,7.51,0,
1171,Site CO-6,Routine,-33.91069636,18.58606576,0.78,0.82,13.6,7.52,0,
1172,Site CO-6,Routine,-33.91069636,18.58606576,0.66,0.75,13.1,7.7,0,
1173,Site CO-6,Routine,-33.91069636,18.58606576,0.55,0.64,15.9,7.59,0,
1174,Site CO-6,Routine,-33.91069636,18.58606576,0.81,0.86,13,7.44,0,
1175,Site CO-6,Routine,-33.91069636,18.58606576,0.75,0.79,15.3,7.54,0,
1176,Site CO-6,Routine,-33.91069636,18.58606576,0.72,0.78,20.2,7.4,0,
1177,Site CO-6,Routine,-33.91069636,18.58606576,0.63,0.67,14,7.59,0,
1178,Site CO-6,Routine,-33.91069636,18.58606576,0.54,0.62,14.3,7.37,0,
1179,Site CO-6,Routine,-33.91069636,18.58606576,0.84,0.89,17.8,7.23,0,
1180,Site CO-6,Routine,-33.91069636,18.58606576,0.52,0.57,29.5,7.42,0,
1181,Site CO-6,Routine,-33.91069636,18.58606576,0.63,0.73,23.5,7.38,0,
1182,Site CO-6,Routine,-33.91069636,18.58606576,0.52,0.59,25,7.7,0,
1183,Site CO-6,Routine,-33.91069636,18.58606576,0.43,0.47,26.7,7.83,0,
1184,Site CO-6,Routine,-33.91069636,18.58606576,0.47,0.55,24.6,7.79,0,
1185,Site CO-6,Routine,-33.91069636,18.58606576,0.43,0.5,25.2,7.75,0,
1186,Site CO-6,Routine,-33.91069636,18.58606576,0.57,0.64,23.9,7.44,0,
1187,Site CO-6,Routine,-33.91069636,18.58606576,0.61,0.63,24,7.42,0,
1188,Site CO-6,Routine,-33.91069636,18.58606576,0.43,0.52,22.8,7.35,0,
1189,Site CO-6,Routine,-33.91069636,18.58606576,0.36,0.47,23.8,7.46,0,
1190,Site CO-6,Routine,-33.91069636,18.58606576,0.41,0.48,24.3,7.48,0,
1191,Site CO-6,Routine,-33.91069636,18.58606576,0.36,0.43,23,7.48,0,
1192,Site CO-6,Routine,-33.91069636,18.58606576,1.05,1.14,20.2,7.43,0,
1193,Site CO-6,Routine,-33.91069636,18.58606576,0.44,0.49,21.9,7.37,0,
1194,Site CO-6,Routine,-33.91069636,18.58606576,0.72,0.79,21.9,7.39,0,
1195,Site CO-6,Routine,-33.91069636,18.58606576,0.76,0.83,18.9,7.4,0,
1196,Site CO-6,Routine,-33.91069636,18.58606576,0.46,0.5,18.2,7.46,0,
1197,Site CO-6,Routine,-33.91069636,18.58606576,0.67,0.74,20.3,7.38,0,
1198,Site CO-6,Routine,-33.91069636,18.58606576,0.47,0.55,23.6,7.31,0,
1199,Site CO-6,Routine,-33.88969428,18.57530576,0.37,0.45,12.5,7.42,0,
1200,Site CO-6,Duplicate,-33.88969428,18.57530576,0.34,0.38,11.6,7.45,0,
1201,Site CO-6,Routine,-33.88969428,18.57530576,0.53,0.6,12.2,7.19,0,
1202,Site CO-6,Duplicate,-33.88969428,18.57530576,0.52,0.62,12.9,7.25,0,
1203,Site CO-6,Routine,-33.88969428,18.57530576,0.3,0.35,12.6,7.66,0,
1204,Site CO-6,Duplicate,-33.88969428,18.57530576,0.31,0.33,12.7,7.76,0,
1205,Site CO-6,Routine,-33.88969428,18.57530576,0.44,0.5,14.4,7.58,0,
1206,Site CO-6,Duplicate,-33.88969428,18.57530576,0.44,0.48,13.6,7.64,0,
1207,Site CO-6,Routine,-33.88969428,18.57530576,0.26,0.31,12.3,7.15,0,
1208,Site CO-6,Duplicate,-33.88969428,18.57530576,0.23,0.26,11.7,7.16,0,
1209,Site CO-6,Routine,-33.88969428,18.57530576,0.39,0.44,13.5,7.29,0,
1210,Site CO-6,Duplicate,-33.88969428,18.57530576,0.33,0.39,12.8,7.31,0,
1211,Site CO-6,Routine,-33.88969428,18.57530576,0.71,0.74,24.4,7.64,0,
1212,Site CO-6,Duplicate,-33.88969428,18.57530576,0.7,0.78,24.5,7.65,0,
1213,Site CO-6,Routine,-33.88969428,18.57530576,0.64,0.74,24.5,7.86,0,
1214,Site CO-6,Routine,-33.88969428,18.57530576,0.64,0.67,24.5,7.65,0,
1215,Site CO-6,Routine,-33.95106786,18.62844577,0.87,0.96,12,7.46,0,
1216,Site CO-6,Routine,-33.95106786,18.62844577,0.96,1.01,11.1,7.34,0,
1217,Site CO-6,Routine,-33.95106786,18.62844577,0.75,0.84,12.1,7.4,0,
1218,Site CO-6,Duplicate,-33.95106786,18.62844577,0.72,0.79,11.7,7.37,0,
1219,Site CO-6,Routine,-33.95106786,18.62844577,0.39,0.47,14.6,7.53,0,
1220,Site CO-6,Routine,-33.95106786,18.62844577,1.04,1.06,10.8,7.44,0,
1221,Site CO-6,Routine,-33.95106786,18.62844577,0.67,0.76,13.6,7.49,0,
1222,Site CO-6,Duplicate,-33.95106786,18.62844577,0.64,0.73,13.1,7.44,0,
1223,Site CO-7,Routine,-33.91978191,18.66430576,0.98,1.08,15.4,7.42,0,
1224,Site CO-7,Routine,-33.91978191,18.66430576,1.01,1.08,19.3,7.25,0,
1225,Site CO-7,Routine,-33.91978191,18.66430576,0.79,0.88,15.6,7.29,0,
1226,Site CO-7,Routine,-33.91978191,18.66430576,0.93,1.06,14.1,7.28,0,
1227,Site CO-7,Routine,-33.91978191,18.66430576,0.9,1.03,21.7,7.27,0,
1228,Site CO-7,Routine,-33.91978191,18.66430576,1.11,1.19,21.7,7.22,0,
1229,Site CO-7,Duplicate,-33.91978191,18.66430576,1.1,1.16,22.2,7.19,0,
1230,Site CO-8,Routine,-33.92364263,18.66997576,1.11,1.22,17.8,7.58,0,
1231,Site CO-8,Routine,-33.92364263,18.66997576,1.06,1.12,20,7.32,0,
1232,Site CO-8,Routine,-33.92364263,18.66997576,0.74,0.79,22.3,7.54,0,
1233,Site CO-8,Routine,-33.92364263,18.66997576,0.83,0.94,19.7,7.55,0,
1234,Site CO-8,Routine,-33.92364263,18.66997576,0.88,0.89,20.2,7.4,0,
1235,Site CO-9,Routine,-33.92104723,18.61967576,0.77,0.85,15.7,7.29,0,
1236,Site CO-9,Routine,-33.92104723,18.61967576,0.9,0.98,17,7.36,0,
1237,Site CO-9,Routine,-33.92104723,18.61967576,0.9,1.02,17.7,7.4,0,
1238,Site G-3 ,Routine,-34.08695135,18.46746576,0.95,1.05,9.9,7.54,0,
1239,Site G-3 ,Routine,-34.08695135,18.46746576,1.04,1.13,15,7.4,0,
1240,Site G-3 ,Duplicate,-34.08695135,18.46746576,1.02,1.12,15,7.31,0,
1241,Site G-3 ,Routine,-34.08695135,18.46746576,1,1.09,13.9,7.6,0,
1242,Site G-3 ,Routine,-34.08695135,18.46746576,1.02,1.1,12.4,7.46,0,
1243,Site G-3 ,Routine,-34.08695135,18.46746576,0.9,0.98,22.2,7.25,0,
1244,Site SS-N,Routine,-33.93797919,18.68367576,0.75,0.89,17.3,6.92,0,
1245,Site SS-N,Duplicate,-33.93797919,18.68367576,0.76,0.9,16.8,6.87,0,
1246,Site SS-N,Routine,-33.93797919,18.68367576,0.84,0.88,15.2,7.07,0,
1247,Site SS-N,Duplicate,-33.93797919,18.68367576,0.8,0.86,15.1,6.97,0,
1248,Site SS-N,Duplicate,-33.93797919,18.68367576,0.72,0.76,14.5,7.26,0,
1249,Site SS-N,Routine,-33.93797919,18.68367576,0.73,0.77,14.9,7.21,0,
1250,Site SS-N,Routine,-33.93797919,18.68367576,0.77,0.95,14.2,7.29,0,
1251,Site SS-N,Duplicate,-33.93797919,18.68367576,0.8,0.95,13.4,7.26,0,
1252,Site SS-N,Routine,-33.93797919,18.68367576,0.94,1.07,16.6,7.12,0,
1253,Site SS-N,Duplicate,-33.93797919,18.68367576,0.95,1.02,16.8,7.16,0,
1254,Site SS-N,Routine,-33.93797919,18.68367576,0.8,0.91,20.9,7.28,0,
1255,Site SS-N,Routine,-33.93797919,18.68367576,0.9,1.02,18.4,6.95,0,
1256,Site SS-N,Routine,-33.93797919,18.68367576,0.95,1.15,19.5,7.19,0,
1257,Site SS-N,Routine,-33.93797919,18.68367576,0.49,0.61,20.7,7.3,0,
1258,Site SS-N,Duplicate,-33.93797919,18.68367576,0.48,0.59,22,7.09,0,
1259,Site SS-N,Routine,-33.93797919,18.68367576,0.6,0.68,20.2,7.46,0,
1260,Site SS-N,Duplicate,-33.93797919,18.68367576,0.58,0.65,21.5,7.38,0,
1261,Site SS-N,Routine,-33.93797919,18.68367576,0.7,0.75,26.3,7.13,0,
1262,Site SS-N,Routine,-33.93797919,18.68367576,0.78,0.87,27.1,7.18,0,
1263,Site SS-N,Routine,-33.93797919,18.68367576,0.7,0.76,24.5,7.01,0,
1264,Site SS-N,Duplicate,-33.93797919,18.68367576,0.68,0.75,24.6,6.94,0,
1265,Site SS-N,Routine,-33.93797919,18.68367576,0.78,0.84,18.6,7.23,0,
1266,Site SS-N,Routine,-33.93797919,18.68367576,0.66,0.74,27.8,6.84,0,
1267,Site SS-N,Routine,-33.99772384,18.63507576,0.6,0.66,12.6,7.6,0,
1268,Site SS-N,Routine,-33.99772384,18.63507576,0.58,0.66,13.7,7.52,0,
1269,Site SS-N,Routine,-33.99772384,18.63507576,0.72,0.77,16.1,7.43,0,
1270,Site SS-N,Routine,-33.99772384,18.63507576,0.71,0.73,14.6,7.57,0,
1271,Site SS-N,Routine,-33.99772384,18.63507576,0.53,0.56,16.2,7.63,0,
1272,Site SS-N,Routine,-33.99772384,18.63507576,0.71,0.75,15.4,7.4,0,
1273,Site SS-N,Routine,-33.99772384,18.63507576,0.33,0.41,22.4,7.42,0,
1274,Site SS-N,Routine,-33.99772384,18.63507576,0.45,0.49,22.8,7.71,0,
1275,Site SS-N,Routine,-33.99772384,18.63507576,0.51,0.58,22.4,7.35,0,
1276,Site SS-N,Routine,-33.99772384,18.63507576,0.51,0.57,17.4,7.38,0,
1277,Site SS-N,Routine,-33.99772384,18.63507576,0.53,0.58,20.5,7.4,0,
1278,Site SS-N,Routine,-33.99772384,18.63507576,0.46,0.54,24.8,7.18,0,
